"path","sha256"
"seed_9000031/executed_actions.json","702ede0ee2940bd4dd3b94f6fc33805a7d9f45de73dfb68b47d8c4b25516ec1a"
"seed_9000031/per_controller.csv","4319a7da6e62b92e00670f477e2839a60c93b3ed483db8d17e545e3fbd3cf7a1"
"seed_9000031/smoke_summary.json","0ddce25b30f40521e856262df8f48a822aacc01c4d5eb7cc70bd6637182b28a0"
"seed_9000032/executed_actions.json","9ca8f9c73b1b3a5ac7c7a08d51fe9df0eedaba7007cffe398dc7fdfc8624fd4d"
"seed_9000032/per_controller.csv","a0ce96e48f2d7c8ca22b9391694fb5309c526a92e9ddd5ede41378eab770298c"
"seed_9000032/smoke_summary.json","9b63b8388295e1342be8586d88e8da8225421b369014b904348cdc95817941f2"
"seed_9000033/executed_actions.json","f04c27de02e5330c124ec41ab510a7d69901a6b3958d272a45715a1aba1b4134"
"seed_9000033/per_controller.csv","7f93f76904dc583c76fcaa816bc9b12ca093226e101c296a3ec0c66d37bebf5a"
"seed_9000033/smoke_summary.json","dd28ccf139b4179c580425bf734f0b7056faf276c85ffaccb2d7877353760b48"
"seed_9000034/executed_actions.json","96d72c2ebf49af0623db28d7216dd526951b3982071714ddbca365fac6bc9da0"
"seed_9000034/per_controller.csv","3d88803a03c1f09a2f630b6f9a34b7c304ef86e68e90393516c290b0c8714c00"
"seed_9000034/smoke_summary.json","784235a65b1e9d8dc489d6e416390864da617b52c29ada05596f97bdf982f837"
"seed_9000035/executed_actions.json","eb0c1d8ffa0309de0fca485c9564e4144801f7b1b1a205e72ee3085ff8171ffe"
"seed_9000035/per_controller.csv","9e1d30f3d89e826f3cc3a3b4515433afef2c29480f914f50161a126905e9545a"
"seed_9000035/smoke_summary.json","7aa27d889376e4bfa29d4f141c6923a65047ce2e92a45983fadbd64094cae8bd"
"seed_9000036/executed_actions.json","ed1b60c4a5c42b13e26fa1bbf2edf5bec4320c669b30eb121cf4657a7814ed55"
"seed_9000036/per_controller.csv","b153227b03febf227aec44f56d7850a46814ceffa379fb143a5d604edc35c134"
"seed_9000036/smoke_summary.json","906d39838a3e858a210e03dc3955a7bb93ff4c0fa5218b7e0feb46e8f4bea2d5"
"seed_9000037/executed_actions.json","7325892a7c25db14a0245d508e350b8c76ed5e5cfb15431a1400b2cdbbe38589"
"seed_9000037/per_controller.csv","0cad2ce6978dbd8fccddf2a49cf295f6d150e93ad7e79f5c255a404fd9cd65e9"
"seed_9000037/smoke_summary.json","1598eb9cbcb8626dbb71af7ba9df35a765e572cfde34d954b541d079969fe5f5"
"seed_9000038/executed_actions.json","0e8220b707d9a7ab46866450b87f5e4f468b0ad76f875b2cd073d5294c1c0574"
"seed_9000038/per_controller.csv","6d44e887f5a0a444a72dfaeed0ecb3a8b4e75a365568dca842c0841f18dcc833"
"seed_9000038/smoke_summary.json","3f7f28b5c9c4a5edc9fd43416263454bb4339f96de369c678723aafd9b5901fe"
"seed_9000039/executed_actions.json","d5bc359a367926f5627c8785ef484ef7efbef889f70414d911c7baf69d460be2"
"seed_9000039/per_controller.csv","a48ba18cc4f82b37e5ba251634ad090032ca9b6bb8bd81af5311ffa096b0b0e8"
"seed_9000039/smoke_summary.json","bf70e02ba4be51345fe7c901d345658319c3a7e6ad86e26a36cf4edc2d56e541"
"seed_9000040/executed_actions.json","0f3c512a302ff834b7d00f7739143c77a5c9a1b59c3228c437d41fb1c78ca51e"
"seed_9000040/per_controller.csv","dcd40da68a1543a81d24c8c4e6ac2ff83f0f45deae53584701463ea0852c9f03"
"seed_9000040/smoke_summary.json","35cb0a24535aa4a3faa791d685dc6c81e39dde01014484b81b2e8b2eae4a71e9"
"seed_9000041/executed_actions.json","cc203a194642f7b238d1fa5be7e5b496219ee23b53e9b79b4dea4233aa56c540"
"seed_9000041/per_controller.csv","21d525c8343fd033599ab24e4f30f0c60b1cc4edd8ac9d1ae21dce2a0fac4b25"
"seed_9000041/smoke_summary.json","d76e60864770f47ef6f0b36d798157ef1f3baa1eea7cf018bfc44e90a5fa22e9"
"seed_9000042/executed_actions.json","997584d9f2f7c609c37176fb3f21f0fd5c0df381365b0f2d5e313fb3a1aed997"
"seed_9000042/per_controller.csv","ded93abaa46ee806d988f26a9af57db200f857eebd3fcbe3c628a8a7b850e5b8"
"seed_9000042/smoke_summary.json","e143a4c034f5e6568ad34928531b51b023eaa9346ee4409fcf8157247553d83e"
"seed_9000043/executed_actions.json","a0d0dca5c85d41a3796107ca8bf19e465e3d5befd226161c9bcb93ccde6e1d86"
"seed_9000043/per_controller.csv","a084a82668bb1a5b888879867fe3f053306884ee633fbf47b7cf58ea1889f3ae"
"seed_9000043/smoke_summary.json","8084b895c3344765442d6d9f7f8ab1a2283c83efbeff23de0e0f26d45a7016e5"
"seed_9000044/executed_actions.json","7c4a734d5e5d5821c3d4d6aaf73fb817f38ba4e2dd1fedb542a9816c953b2265"
"seed_9000044/per_controller.csv","f54ecbc5f55b1398d0e348c78b20bd85e6e91a17a7bd3bbbbe284bd8b757e875"
"seed_9000044/smoke_summary.json","0df61411f09ee0cf7907e83afd0f6333eebf34db9c8493c374e74bcf547799d8"
"seed_9000045/executed_actions.json","bc82bf4ed2fd56907e91d83bdabef4340b5f99bd0eba65a284b204d5d257d20e"
"seed_9000045/per_controller.csv","504b8510c73f642c51d75cfdcd6f388b75d703a31b39941ea5a0dba107f74ba3"
"seed_9000045/smoke_summary.json","e144e309c83d619625e731ac29dfdedd8d8dd339669f78b678788aa130d60668"
"seed_9000046/executed_actions.json","562124e10156864a17e1839e92f19ff7b72d026929b8ddfd1626d6195222c3e0"
"seed_9000046/per_controller.csv","36a561d71af78d08b22ffc2af3ddabd14afc2c9cd930d171a63553f74fecbae8"
"seed_9000046/smoke_summary.json","8c223958ccaa74d09f80da4dcbf6caf83af229608c82353a97a3676d96c0ad4f"
"seed_9000047/executed_actions.json","6350057a5c1cbb759080769ce7e03f3616231447f8ffb1cd421e1fb014ac7f39"
"seed_9000047/per_controller.csv","493bf3a795c24a70f5929c0b1a9fc91379f532b776ca13ffe6c78906613ff2f6"
"seed_9000047/smoke_summary.json","adf2462572c173b689ed0472bd3cb6375e3fbcbc333d90e811e93f7d4a9e3a48"
"seed_9000048/executed_actions.json","13f8528533bdb91e24ac71eed5fd16d7cf8ada2fd5841236967874d4ab510446"
"seed_9000048/per_controller.csv","19a9173391576c7ca66bb0df3da022daa20199d69df09520ba03b3e97ed70aff"
"seed_9000048/smoke_summary.json","a078a9f77c23712bdd593adf476d9b3c42020dc046243ef5648bf8db5efaf9ec"
"seed_9000049/executed_actions.json","903637b096505c54b4b8d285a3e690874805dd24ad98d39dec48e82109b8ddef"
"seed_9000049/per_controller.csv","2f04023987de35a01f81d8878add97b68489ef1aa4d93bb115ccf979dfdc0c9a"
"seed_9000049/smoke_summary.json","f07d47641d89b5b81f89c5dd6805c3a316f4318406d3a1bf9ea09f5d6d5a1e86"
"seed_9000050/executed_actions.json","bf8b88a64a3979a364f40cef5b9ded4ed4e46dc3c4ed2f2e6fa571c017868f21"
"seed_9000050/per_controller.csv","8fb0dd92438eca48149632df2b4a46f3c330beb165a80fb282ba7fc22b6ef9b7"
"seed_9000050/smoke_summary.json","a3458848c70d798ff01e734266d9acf4a1353265474ec40ced791bb9b857f983"
"seed_9000051/executed_actions.json","c2a010b0cf2ac21eb5890747372edca91e032489d1ec526c40f96d08ce59dce7"
"seed_9000051/per_controller.csv","862026eb830d40551b8b958144120b788696e5f835f7e41f36265f6b35229643"
"seed_9000051/smoke_summary.json","65aa88afbfdc1eb2cea341b94872d30660b78087671cf0aa166150c5ff5fbd4b"
"seed_9000052/executed_actions.json","edbb44ec63ba0a9c09c5d7b22c23ac27e20ab6f17a8d107b2deea850c472a70e"
"seed_9000052/per_controller.csv","4b0a30cdb18540ebf3513da0a77d9aa6c98a13066004371231131f9f55c5071f"
"seed_9000052/smoke_summary.json","ee21411b5a8419f7eda2b0988607715adf0a7f9ce4691c2ae1015b1df4de286b"
"seed_9000053/executed_actions.json","0816f75ca7e6dc4c9f65b99f3e726319f5b5aa03eae7df3e93778d05d4d93a91"
"seed_9000053/per_controller.csv","e1b078b9f1fdd7212f8b939049e9f54d054fe77729bbf535990b79a909e3abca"
"seed_9000053/smoke_summary.json","515431e66784fdcdde6273fe2e5cbacea750f7c6c256a6757aba487b165344dd"
"seed_9000054/executed_actions.json","e1297606667742f93dc1c3b272e4e6247195236e97baabe31cd875304bc95969"
"seed_9000054/per_controller.csv","d8ab4cacc94ec841dd30d5812ab39c0545ffe1928435151b848e01eda3e7a781"
"seed_9000054/smoke_summary.json","17a2e5f167a9fdd5e92a21f5ef23146d2360d21b354a0bcd823edf3b09a69be7"
"seed_9000055/executed_actions.json","2c2cdd24d97e903e7d18a9b4321630b4f43383b774bce2d808148d32f0b8fb5b"
"seed_9000055/per_controller.csv","8061cefbcd186b34b7b9ca1a46387889d52281063d240e5a0ba7fccbe759ba6c"
"seed_9000055/smoke_summary.json","47dedfe08aead2b5c4baa81358bc3f971c9d9e48f631f6aad137db2859e655e2"
"seed_9000056/executed_actions.json","18a0b736b2db04a19cb750499a73eb2c7af1c8b467698b73f9544f984d310c14"
"seed_9000056/per_controller.csv","07fb7c39227f51ece1605711e900c2bb2d62e5b33f798e71bd3181da513423e4"
"seed_9000056/smoke_summary.json","935d9574f417ff51f8248dacb3dc84c62ef38e6374bfdb38439a657f87e4708c"
"seed_9000057/executed_actions.json","59b9f57e742ff65fb6e4438a50ee21483c64731d301f3dda23aabaf1faeef96f"
"seed_9000057/per_controller.csv","f57ca345f4cf56028b033d0591e0d2e3d14025510a917d6851db12b3c698ce00"
"seed_9000057/smoke_summary.json","6bb4e021ce107071149ae03531afecc0845f4a7dd7deeee197e1ad2150e1896b"
"seed_9000058/executed_actions.json","2842a0f181027f9892894af0dbee97b64514df5edc9c937d62e79c4918f4966e"
"seed_9000058/per_controller.csv","04f9211ba07a9bf0390f72ce62b51ff39f3764efe28641490064655f168dc87b"
"seed_9000058/smoke_summary.json","4f7280b4d8bd43378f5ff67248e80c49641a46a9608eb70101c2c882af430df9"
"seed_9000059/executed_actions.json","16782285e9bedade3addead06a760d4df97f1b3a39570cef151facc172abeebd"
"seed_9000059/per_controller.csv","8c98b3c6abc1ca90d831b92088839790146cbc39f0770a6998ee9a5b5be3ae3c"
"seed_9000059/smoke_summary.json","d479c940d5984759e2326373a563275409464d52349814b35957fec793e2df98"
"seed_9000060/executed_actions.json","2d742b557293c41c8f5df38998206ca9e422df71cba3e7343840022a1393ca1e"
"seed_9000060/per_controller.csv","6f9a6d45667d5fd807b41d2733050c6956ea3d7dea13eff0f0575f914000f2b7"
"seed_9000060/smoke_summary.json","2648dd07c9f967b633af3a545514f50d65130c3229e68e9fc9c871faae3cccae"
