horizon_hours,storage_target_rate,elapsed_hours,captured_t,stored_t,vented_t,in_transit_t,in_transit_growth_t,emitter_inventory_t,vessel_inventory_t,terminal_inventory_t,loss_rate,storage_rate,annual_storage_gap_t,vessel_fuel,conditioning,reconditioning,loading,unloading,operating_cost,vent_penalty,storage_shortfall_penalty,total_cost,net,cost_per_stored_t,total_cost_per_stored_t,vessel_sailing_hours,vessel_waiting_hours,vessel_loading_hours,vessel_unloading_hours,loaded_t,unloaded_t,throttle_hours,well_switch_count,berth_wait_vessel_hours,pressure_risk_hours,min_pressure_margin_fraction,longest_venting_streak_hours,total_reward,controller,seed,wall_clock_seconds,controller_decision_calls,simulator_step_calls,simulator_simulated_hours,simulator_hour_steps,episode_operating_cost,episode_total_cost,terminal_cleanup_operating_cost,terminal_cleanup_included,evaluation_role,online_comparable,run_status,error_type,error_message,solver_replan_count,solver_status_counts,solver_failure_count,solver_timeout_count,solver_solve_wall_seconds,solver_time_limit_seconds_per_replan,solver_threads,solver_executable,warm_start_mode,shifted_warm_start,fallback_used,executed_action_count
720.0,0.9,720.0,134043.80710806392,114469.71188364139,6240.861480952419,26015.56657680216,13333.23374347014,12567.390219370207,11864.207519387437,1583.9688380445173,0.04655837233809047,0.8539724016593903,6169.714513616142,510207.0600000053,991296.1028016103,46932.58187229298,3869.477434529299,3507.322500000005,1794163.5725211273,499268.9184761928,0.0,2293432.49099732,-2055081.4630846304,15.67369693692334,20.03527791987978,1229.0000000000127,628.9197406007528,158.45525939923422,143.62500000000026,126764.20751938733,114899.99999999999,245,21,18,0,0.6480808993772382,54,-2055.0814630846226,rolling_milp,9000031,5962.379583961796,720,41730,41730.0,41730.0,1555812.5446084377,2055081.4630846304,238351.0279126895,True,online_controller,True,completed,,,30,"{""Integer Feasible"": 17, ""Optimal"": 13}",0,17,5636.253952038474,300.0,4,/scratch_root/hx721/software/CPLEX_Studio2220/cplex/bin/x86-64_linux/cplex,greedy,False,False,720
720.0,0.9,720.0,118765.80374023803,92181.08126023502,6193.493365992055,26523.81864784454,20391.229114010934,6306.923670675589,16100.0,4116.89497716895,0.05214879343163735,0.7761584425585286,14708.142105979205,516019.02000000665,868808.1638129952,37794.243316696324,3391.3515601523895,2899.8990601523915,1623659.1566906818,495479.4692793641,0.0,2119138.625970046,-1924392.1470293673,17.613800299293022,22.988867097225057,1243.0000000000161,659.3730294715325,138.87598526422565,118.75098526422572,111100.7882113805,95000.78821138044,386,21,21,0,0.8993216316902817,133,-1924.392147029358,rolling_milp,9000032,7475.791796146892,720,41730,41730.0,41730.0,1428912.677750003,1924392.1470293673,194746.47894067873,True,online_controller,True,completed,,,30,"{""Integer Feasible"": 24, ""Optimal"": 6}",0,24,7313.295128054451,300.0,4,/scratch_root/hx721/software/CPLEX_Studio2220/cplex/bin/x86-64_linux/cplex,greedy,False,False,720
720.0,0.9,720.0,127077.96740974124,105135.0145055005,4789.393867697877,25021.993483481245,17153.5590365428,10744.603981752318,14277.389501728929,0.0,0.03768862506476275,0.8273268501888339,9235.156163266613,533870.0400000045,932749.1859035201,43105.35594725522,3640.942314540279,3205.125000000006,1736901.3850190337,383151.50941582996,0.0,2120052.8944348637,-1899722.15858115,16.52067480266683,20.165050667529474,1286.0000000000107,593.6532631228276,149.09673687716133,131.25000000000028,119277.38950172885,104999.99999999999,309,22,33,0,0.7805838019386624,77,-1899.7221585811435,rolling_milp,9000033,6560.727924305946,720,41730,41730.0,41730.0,1516570.64916532,1899722.15858115,220330.73585371373,True,online_controller,True,completed,,,30,"{""Integer Feasible"": 20, ""Optimal"": 10}",0,20,6308.931854198687,300.0,4,/scratch_root/hx721/software/CPLEX_Studio2220/cplex/bin/x86-64_linux/cplex,greedy,False,False,720
720.0,0.9,720.0,123422.0995854394,104726.69614121088,3275.0584930897367,22486.112015815197,15420.344951138795,9944.9863028194,12193.787756275597,347.3379567202031,0.02653543007362766,0.8485246685397168,6353.193485684576,508546.50000000285,916455.4202540746,42937.94541789649,3577.340371260317,3205.125000000005,1673948.3066427277,262004.67944717887,0.0,1935952.9860899067,-1736727.0104904133,15.983969401513606,18.485763968716398,1225.0000000000068,657.2577653046483,146.4922346953447,131.25000000000023,117193.78775627555,105000.0,299,15,31,0,0.8115020510007411,63,-1736.727010490411,rolling_milp,9000034,6412.772568174172,720,41730,41730.0,41730.0,1474722.3310432343,1736727.0104904133,199225.9755994933,True,online_controller,True,completed,,,30,"{""Integer Feasible"": 20, ""Optimal"": 10}",0,20,6160.875976843759,300.0,4,/scratch_root/hx721/software/CPLEX_Studio2220/cplex/bin/x86-64_linux/cplex,greedy,False,False,720
720.0,0.9,720.0,116933.45658342756,103642.9856378551,6117.872482783793,19088.454012068287,7172.598462788565,10457.797765699608,3188.0724809248577,5442.583765443823,0.05231926483263517,0.8863415883366946,1597.1252872297046,459144.84000000596,846030.7268008332,42493.624111520636,3302.440912480233,3205.1250000000036,1540831.2459646822,489429.7986227033,0.0,2030261.0445873856,-1843606.5554475435,14.866719985745963,19.588986481742594,1106.0000000000143,787.5149093988293,135.23509060115617,131.25000000000017,108188.0724809249,104999.99999999999,336,23,34,0,0.7636372398608,80,-1843.6065554475372,rolling_milp,9000035,6708.2900260319,720,41730,41730.0,41730.0,1354176.75682484,1843606.5554475435,186654.48913984216,True,online_controller,True,completed,,,30,"{""Integer Feasible"": 21, ""Optimal"": 9}",0,21,6447.126245032996,300.0,4,/scratch_root/hx721/software/CPLEX_Studio2220/cplex/bin/x86-64_linux/cplex,greedy,False,False,720
720.0,0.9,720.0,124518.9993117014,81137.13133870196,25697.976964565867,27594.1496857919,17683.891008433686,12431.188791365501,11996.951770757942,3166.0091236684593,0.20637795924008007,0.6516044281370745,30929.9680418293,507716.2200000051,717852.1628473271,33266.22384886777,2802.1019528023844,2435.895000000002,1477508.232397434,2055838.1571652698,0.0,3533346.3895627037,-3319910.760814272,18.210013196420107,43.547834773859165,1223.0000000000123,722.5038102865402,114.74618971344738,99.7500000000001,91796.95177075797,79799.99999999999,411,17,33,0,0.6666217519110558,411,-3319.9107608142704,rolling_milp,9000036,6689.465946829878,720,41730,41730.0,41730.0,1264072.6036490023,3319910.760814272,213435.6287484317,True,online_controller,True,completed,,,30,"{""Integer Feasible"": 20, ""Optimal"": 10}",0,20,6442.670229183044,300.0,4,/scratch_root/hx721/software/CPLEX_Studio2220/cplex/bin/x86-64_linux/cplex,greedy,False,False,720
720.0,0.9,720.0,121647.55872136065,113556.80536003655,4271.358815318032,19408.551328706715,3819.3945460055547,4638.199083564925,13517.951013990885,1252.4012311509066,0.03511257324203091,0.9334902118351891,0.0,495677.16000000644,985460.3769294086,46558.290197615104,3846.6979547020733,3434.0625000000045,1658777.207969235,341708.70522544254,0.0,2000485.9131946776,-1876685.2928071746,14.607466304727517,17.6166096505802,1194.0000000000155,667.8525612324956,157.5224387674887,140.62500000000023,126017.95101399091,112500.0,307,25,19,0,0.946889182218631,74,-1876.685292807169,rolling_milp,9000037,8231.327367382124,720,41730,41730.0,41730.0,1534976.587581732,1876685.2928071746,123800.62038750286,True,online_controller,True,completed,,,30,"{""Integer Feasible"": 25, ""Optimal"": 5}",0,25,8090.291110686958,300.0,4,/scratch_root/hx721/software/CPLEX_Studio2220/cplex/bin/x86-64_linux/cplex,greedy,False,False,720
720.0,0.9,720.0,128369.72617542402,115107.19434814701,2408.9084384230837,21232.88376870491,10853.62338885395,14203.136422170388,7029.747346534523,0.0,0.018765393603248658,0.8966848943094803,425.5592097346089,532209.4800000057,934722.6242499,47193.94968274025,3648.6455377529687,3434.062500000004,1727583.29565259,192712.67507384662,0.0,1920295.9707264367,-1713921.4370442457,15.008473670441786,16.68267549740126,1282.0000000000136,587.9628158168179,149.41218418316828,140.6250000000002,119529.74734653454,112500.0,251,28,15,0,0.7238653831945316,51,-1713.9214370442392,rolling_milp,9000038,6407.327745250892,720,41730,41730.0,41730.0,1521208.761970399,1713921.4370442457,206374.53368219113,True,online_controller,True,completed,,,30,"{""Integer Feasible"": 20, ""Optimal"": 10}",0,20,6104.5349017358385,300.0,4,/scratch_root/hx721/software/CPLEX_Studio2220/cplex/bin/x86-64_linux/cplex,greedy,False,False,720
720.0,0.9,720.0,125712.08383662622,89834.39317069865,9394.087883311568,36420.16250049371,26483.602782616144,21482.830192525413,13921.080398205042,1016.2519097632555,0.07472700791055219,0.71460428010601,23306.482282264944,500658.8400000052,812662.8487139635,36832.10119998648,3172.190979155212,2747.2500000000027,1686036.6973864986,751527.0306649255,0.0,2437563.728051424,-2107600.261558036,18.76827613431728,27.133969986525006,1206.0000000000125,711.598649502231,129.90135049775645,112.50000000000014,103921.08039820504,89999.99999999999,383,17,17,0,0.6962801619103902,130,-2107.6002615580296,rolling_milp,9000039,6074.552704548929,720,41730,41730.0,41730.0,1356073.2308931104,2107600.261558036,329963.46649338823,True,online_controller,True,completed,,,30,"{""Integer Feasible"": 18, ""Optimal"": 12}",0,18,5792.858156148344,300.0,4,/scratch_root/hx721/software/CPLEX_Studio2220/cplex/bin/x86-64_linux/cplex,greedy,False,False,720
720.0,0.9,720.0,128417.59580770151,97016.1651903855,13665.115766254208,24628.71933729921,17736.314851061717,7448.233830280256,14514.425997069506,2666.05950994945,0.1064115527183439,0.7554740811038233,18559.67103654587,407252.34000000486,875952.8112970844,39776.62772805803,3419.2403535605463,2976.1875000000036,1521499.377888072,1093209.2613003359,0.0,2614708.639188408,-2422586.4681790434,15.682947010967363,26.951267699122898,981.0000000000117,917.106967503651,140.0180324963369,121.87500000000017,112014.42599706945,97500.0,351,19,24,0,0.7619212788206527,169,-2422.5864681790367,rolling_milp,9000040,6946.147263800725,720,41730,41730.0,41730.0,1329377.2068787077,2422586.4681790434,192122.17100936433,True,online_controller,True,completed,,,30,"{""Integer Feasible"": 22, ""Optimal"": 8}",0,22,6697.016259319615,300.0,4,/scratch_root/hx721/software/CPLEX_Studio2220/cplex/bin/x86-64_linux/cplex,greedy,False,False,720
720.0,0.9,720.0,125444.62651394652,105778.50885648398,3457.02806376707,25972.892232968377,16209.089593695538,11505.901417251,14466.990815717376,0.0,0.0275581996601722,0.8432286961667814,7121.655006067886,556287.6000000057,934231.8681789098,43369.18863115847,3646.729894649776,3205.125000000003,1774108.9667787899,276562.24510136555,0.0,2050671.2118801554,-1817302.756806089,16.771922633035313,19.38646360256811,1340.0000000000136,539.4162614803392,149.3337385196469,131.25000000000017,119466.99081571745,105000.00000000001,299,24,29,0,0.6683336120607613,76,-1817.3027568060813,rolling_milp,9000041,5595.3032639035955,720,41730,41730.0,41730.0,1540740.5117047236,1817302.756806089,233368.4550740662,True,online_controller,True,completed,,,30,"{""Integer Feasible"": 17, ""Optimal"": 13}",0,17,5281.725190429017,300.0,4,/scratch_root/hx721/software/CPLEX_Studio2220/cplex/bin/x86-64_linux/cplex,greedy,False,False,720
720.0,0.9,720.0,122590.33961068436,104225.47584700742,922.702073528866,24936.05646931249,17442.16169014804,10405.814237600798,7767.323130542952,6762.9191011687435,0.007526711129597425,0.8501932222229006,6105.82980260851,491940.90000000614,912372.0255086006,42732.44509727301,3561.4010330754577,3324.3034945156323,1702078.1981229868,73816.16588230929,0.0,1775894.364005296,-1527747.24101578,16.330730891758822,17.038966237123557,1185.0000000000148,693.0301176252476,145.83951814395817,136.1303642307794,116671.61451516622,108904.29138462336,312,21,15,0,0.7909258411096289,18,-1527.747241015773,rolling_milp,9000042,7467.242474399041,720,41730,41730.0,41730.0,1453931.0751334708,1527747.24101578,248147.12298951598,True,online_controller,True,completed,,,30,"{""Integer Feasible"": 22, ""Optimal"": 8}",0,22,7215.735364694148,300.0,4,/scratch_root/hx721/software/CPLEX_Studio2220/cplex/bin/x86-64_linux/cplex,greedy,False,False,720
720.0,0.9,720.0,122999.51700733569,95677.36939595955,7465.034832117044,29480.502239986963,19857.11277925914,9548.995390671893,15300.0,4631.506849315069,0.0606915784203594,0.7778678463449036,15022.195910642564,528058.0800000043,879749.9999999995,39227.721452343416,3434.0625000000014,2967.030000000005,1680318.942494376,597202.7865693641,0.0,2277521.7290637405,-2050639.6805217115,17.562344712263126,23.804184243802172,1272.0000000000102,625.8749999999894,140.62500000000009,121.50000000000024,112500.00000000007,97200.00000000001,359,17,55,0,0.8737686756559208,111,-2050.6396805217037,rolling_milp,9000043,7172.367617816199,720,41730,41730.0,41730.0,1453436.8939523473,2050639.6805217115,226882.04854202888,True,online_controller,True,completed,,,30,"{""Integer Feasible"": 23, ""Optimal"": 7}",0,23,6982.814065907616,300.0,4,/scratch_root/hx721/software/CPLEX_Studio2220/cplex/bin/x86-64_linux/cplex,greedy,False,False,720
720.0,0.9,720.0,129859.10158151455,115731.28342453578,0.0,23904.743190000743,14127.818156978656,11340.528514107189,12564.214675893552,0.0,0.0,0.8912065616893975,1141.9079988273152,521830.9800000049,978002.1587654875,47449.82620405974,3817.5851529816537,3434.062500000005,1749991.6922290896,0.0,0.0,1749991.6922290896,-1554534.6126225337,15.121163789479587,15.121163789479587,1257.0000000000118,606.0447316551208,156.3302683448671,140.62500000000023,125064.2146758935,112500.00000000001,300,20,36,0,0.9305194535462772,0,-1554.5346126225247,rolling_milp,9000044,6284.599635777995,720,41730,41730.0,41730.0,1554534.6126225337,1554534.6126225337,195457.0796065558,True,online_controller,True,completed,,,30,"{""Integer Feasible"": 20, ""Optimal"": 10}",0,20,6102.36303578224,300.0,4,/scratch_root/hx721/software/CPLEX_Studio2220/cplex/bin/x86-64_linux/cplex,greedy,False,False,720
720.0,0.9,720.0,125440.6630420947,99542.0035538456,8535.053965914734,25981.151942375793,17363.605522334445,11786.709850849698,10560.718267643457,3633.723823882637,0.06804056801780924,0.7935385634915038,13354.593184039637,469108.2000000069,888826.8168529716,40812.221457076615,3469.493425119818,3147.1275000000046,1673210.4471132508,682804.3172731792,0.0,2356014.76438643,-2088168.176508354,16.809089503690323,23.668548756023206,1130.0000000000166,759.0491021654287,142.0758978345544,128.87500000000023,113660.71826764355,103100.00000000003,359,19,14,0,0.785153555788927,113,-2088.1681765083495,rolling_milp,9000045,6863.906349077821,720,41730,41730.0,41730.0,1405363.859235175,2088168.176508354,267846.58787807595,True,online_controller,True,completed,,,30,"{""Integer Feasible"": 21, ""Optimal"": 9}",0,21,6620.923709277529,300.0,4,/scratch_root/hx721/software/CPLEX_Studio2220/cplex/bin/x86-64_linux/cplex,greedy,False,False,720
720.0,0.9,720.0,132406.07380064274,124463.61990029803,2082.7015861596574,20526.489262395968,5859.752314184912,9624.946301442664,10901.542960953306,0.0,0.015729652925858054,0.9400144293055372,0.0,510207.06000000477,1023650.0659546552,51030.084159122234,3995.7695988831024,3663.000000000005,1784670.5529580715,166616.12689277253,0.0,1951286.679850844,-1759162.1066054378,14.338893199375748,15.677566516335682,1229.0000000000116,617.3730712987964,163.6269287011918,150.00000000000023,130901.54296095332,120000.0,237,28,16,0,0.8718713734008281,27,-1759.1621066054327,rolling_milp,9000046,7696.508245612029,720,41730,41730.0,41730.0,1592545.9797126653,1759162.1066054378,192124.57324540615,True,online_controller,True,completed,,,30,"{""Integer Feasible"": 24, ""Optimal"": 6}",0,24,7472.292365288828,300.0,4,/scratch_root/hx721/software/CPLEX_Studio2220/cplex/bin/x86-64_linux/cplex,greedy,False,False,720
720.0,0.9,720.0,128277.74695956499,109244.79226332756,7528.0800174482165,24254.127321243854,11504.874678789083,11862.338186821085,5600.0,6791.789134422767,0.05868578296609136,0.8516269957388877,6205.180000280932,500243.70000000385,923494.960036117,44790.3648279643,3604.8188817266573,3433.8788817266595,1697070.295196897,602246.4013958575,0.0,2299316.696592754,-2077814.1240233956,15.53456471505038,21.04738037352297,1205.0000000000093,666.7650383516157,147.61748082418748,140.61748082418757,118093.98465934988,112493.98465934988,306,21,26,0,0.7029061809419466,172,-2077.81412402339,rolling_milp,9000047,7062.17263771221,720,41730,41730.0,41730.0,1475567.7226275383,2077814.1240233956,221502.57256935857,True,online_controller,True,completed,,,30,"{""Integer Feasible"": 22, ""Optimal"": 8}",0,22,6747.195796743967,300.0,4,/scratch_root/hx721/software/CPLEX_Studio2220/cplex/bin/x86-64_linux/cplex,greedy,False,False,720
720.0,0.9,720.0,131010.22127700872,101407.28082094183,11503.626695217417,29137.050508005894,18099.313760849414,14137.050508005896,15000.0,0.0,0.08780709308851625,0.7740409857527507,16501.918328366024,496092.3000000053,879750.0000000005,41576.985136586154,3434.0625000000036,2976.1875000000036,1668039.00275075,920290.1356173938,0.0,2588329.1383681437,-2344119.6707539856,16.448907704132814,25.524095680451598,1195.0000000000127,702.4999999999868,140.62500000000017,121.87500000000017,112499.99999999999,97500.0,354,22,21,0,0.7801899062640291,65,-2344.119670753982,rolling_milp,9000048,6609.906241397839,720,41730,41730.0,41730.0,1423829.535136592,2344119.6707539856,244209.46761415785,True,online_controller,True,completed,,,30,"{""Integer Feasible"": 20, ""Optimal"": 10}",0,20,6357.6482353545725,300.0,4,/scratch_root/hx721/software/CPLEX_Studio2220/cplex/bin/x86-64_linux/cplex,greedy,False,False,720
720.0,0.9,720.0,124881.7699196395,102567.65771655962,4081.868344309106,24528.91613664408,18232.243858770733,7500.0,13892.448060691018,3136.4680759530606,0.03268586237155158,0.8213180977700841,9825.935211115924,468277.9200000053,901725.5980566386,42052.73966378942,3519.843207247945,3095.776230195355,1575855.2147509535,326549.46754472854,0.0,1902404.682295682,-1745221.3447026052,15.364055783605268,18.54780273478486,1128.0000000000127,761.0901131267972,144.13772347452687,126.77216339866321,115310.17877962142,101417.7307189304,309,21,18,0,0.715505688860079,74,-1745.2213447026004,rolling_milp,9000049,6872.52531029284,720,41730,41730.0,41730.0,1418671.8771578767,1745221.3447026052,157183.33759307663,True,online_controller,True,completed,,,30,"{""Integer Feasible"": 21, ""Optimal"": 9}",0,21,6598.153155290056,300.0,4,/scratch_root/hx721/software/CPLEX_Studio2220/cplex/bin/x86-64_linux/cplex,greedy,False,False,720
720.0,0.9,720.0,132171.66508378548,109876.14724879694,7256.604464509676,24727.148796528643,15038.913370478927,10535.788219274351,12600.0,1591.3605772542917,0.0549028754378604,0.8313139369103424,9078.35132660999,503979.96000000485,958084.0635213645,45049.22037200675,3739.8358106124947,3355.220810612492,1728569.860269154,580528.3571607744,0.0,2309098.2174299285,-2094736.6576753752,15.731984634982553,21.015464004224185,1214.0000000000118,655.4571408179658,153.14642959101127,137.39642959101118,122517.14367280879,109917.14367280879,264,25,27,0,0.6325458993743132,102,-2094.7366576753707,rolling_milp,9000050,6477.286629127804,720,41730,41730.0,41730.0,1514208.300514601,2094736.6576753752,214361.55975455305,True,online_controller,True,completed,,,30,"{""Integer Feasible"": 19, ""Optimal"": 11}",0,19,6152.950346921105,300.0,4,/scratch_root/hx721/software/CPLEX_Studio2220/cplex/bin/x86-64_linux/cplex,greedy,False,False,720
720.0,0.9,720.0,128981.17360926494,115276.25855944015,785.7900602005031,26477.066652623562,12919.124989624415,13090.854259315282,9400.0,3986.212393308281,0.00609228492974465,0.8937448414654497,806.7976888982957,550890.7800000064,976596.1872399043,47263.26600937039,3812.097009654493,3525.1620096544925,1847925.801555104,62863.204816040234,0.0,1910789.0063711447,-1644950.6970846304,16.030410985296285,16.575737539103773,1327.0000000000155,532.5389426982242,156.10552865088016,144.35552865088016,124884.4229207039,115484.42292070396,195,23,26,0,0.5411799433979513,13,-1644.9506970846248,rolling_milp,9000051,4964.736201570369,720,41730,41730.0,41730.0,1582087.49226859,1644950.6970846304,265838.3092865142,True,online_controller,True,completed,,,30,"{""Integer Feasible"": 14, ""Optimal"": 16}",0,14,4610.38884877786,300.0,4,/scratch_root/hx721/software/CPLEX_Studio2220/cplex/bin/x86-64_linux/cplex,greedy,False,False,720
720.0,0.9,720.0,130292.35070980627,101204.93016440666,7573.8620977333,32919.97520724697,21513.558447666357,13716.557394834417,19203.417812412554,0.0,0.05812975248717547,0.776752661327106,16058.185474418991,454993.4400000055,912620.727293067,41494.02136740678,3562.3718287238994,2976.187500000004,1642031.1368096157,605908.9678186643,0.0,2247940.10462828,-2021555.7158078672,16.22481369378101,22.211764792253874,1096.0000000000132,796.2457277344706,145.87927226551597,121.8750000000002,116703.41781241253,97499.99999999996,363,18,14,0,0.8546977994574775,156,-2021.555715807861,rolling_milp,9000052,7877.320583503228,720,41730,41730.0,41730.0,1415646.747989203,2021555.7158078672,226384.38882041263,True,online_controller,True,completed,,,30,"{""Integer Feasible"": 25, ""Optimal"": 5}",0,25,7657.0135024474,300.0,4,/scratch_root/hx721/software/CPLEX_Studio2220/cplex/bin/x86-64_linux/cplex,greedy,False,False,720
720.0,0.9,720.0,119353.23535741051,102249.04279358484,3460.7449739942763,23901.52480155495,13643.447589831536,11289.019661155908,8058.299865012679,4554.2052753863645,0.028995820378315388,0.8566926777258603,5168.86902808462,479071.5600000058,875513.9049443998,41922.10754536975,3417.527103379516,3171.547500000004,1624577.8802669107,276859.59791954193,0.0,1901437.4781864525,-1679956.245012697,15.888440966107876,18.59613964333121,1154.000000000014,736.1771251687196,139.94787483126603,129.8750000000002,111958.29986501268,103900.0,287,23,15,0,0.536687112112769,45,-1679.9562450126905,rolling_milp,9000053,6726.029871770181,720,41730,41730.0,41730.0,1403096.6470931552,1679956.245012697,221481.23317375555,True,online_controller,True,completed,,,30,"{""Integer Feasible"": 20, ""Optimal"": 10}",0,20,6299.797718948219,300.0,4,/scratch_root/hx721/software/CPLEX_Studio2220/cplex/bin/x86-64_linux/cplex,greedy,False,False,720
720.0,0.9,720.0,132093.2010707144,96219.07106492396,11377.298664477883,37679.958752206076,24496.831341312554,20975.31967599151,7554.639076214558,9150.0,0.0861308422557433,0.7284180433587518,22664.809898718988,569572.0800000032,871148.0000000001,39449.81913661881,3400.4850000000038,3169.8796421985544,1833783.1953551802,910183.8931582307,0.0,2743967.0885134107,-2396924.1569370516,19.05841716262083,28.517912905872006,1372.0000000000077,518.9432988452601,139.2500000000002,129.806701154732,111400.00000000001,103845.36092378544,302,19,20,0,0.5153574406645361,150,-2396.9241569370474,rolling_milp,9000054,5233.15809170017,720,41730,41730.0,41730.0,1486740.2637788209,2396924.1569370516,347042.9315763592,True,online_controller,True,completed,,,30,"{""Integer Feasible"": 15, ""Optimal"": 15}",0,15,4902.081342744175,300.0,4,/scratch_root/hx721/software/CPLEX_Studio2220/cplex/bin/x86-64_linux/cplex,greedy,False,False,720
720.0,0.9,720.0,124998.78160566899,102154.80222506462,2939.824528323365,31553.27675020451,19904.154852281008,18651.19296877577,7500.0,5402.08378142874,0.0235188254682159,0.8172463836274038,10344.101220037483,565835.8200000047,879750.0000000005,41883.468912276476,3434.062500000003,3205.125000000005,1787940.3217273888,235185.96226586928,0.0,2023126.2839932581,-1729294.438678151,17.502264042254698,19.8045147161654,1363.0000000000114,525.1249999999882,140.62500000000017,131.25000000000023,112499.99999999996,105000.00000000001,283,21,28,0,0.6511925001782288,27,-1729.2944386781433,rolling_milp,9000055,3820.8682733168826,720,41730,41730.0,41730.0,1494108.4764122816,1729294.438678151,293831.8453151072,True,online_controller,True,completed,,,30,"{""Integer Feasible"": 10, ""Optimal"": 20}",0,10,3521.4315212881193,300.0,4,/scratch_root/hx721/software/CPLEX_Studio2220/cplex/bin/x86-64_linux/cplex,greedy,False,False,720
720.0,0.9,720.0,126854.31280836993,104553.75741669988,1586.0766787792047,32286.935419532394,20714.478712890865,14763.50405465392,8373.431364878474,9150.0,0.012503135633828875,0.8242034117881514,9615.124110833058,584101.9800000062,933018.3219779017,42867.04054084692,3641.992874472566,3386.393882059652,1848802.1254191913,126886.13430233634,0.0,1975688.2597215276,-1693901.8635776234,17.68278989774394,18.896386973902864,1407.0000000000148,465.1872745072654,149.13975734940897,138.67296814331092,119311.80587952709,110938.37451464865,293,17,33,0,0.6508701038261006,37,-1693.901863577615,rolling_milp,9000056,6486.752743711229,720,41730,41730.0,41730.0,1567015.7292752871,1693901.8635776234,281786.3961439042,True,online_controller,True,completed,,,30,"{""Integer Feasible"": 20, ""Optimal"": 10}",0,20,6192.582089221105,300.0,4,/scratch_root/hx721/software/CPLEX_Studio2220/cplex/bin/x86-64_linux/cplex,greedy,False,False,720
720.0,0.9,720.0,122972.65226763315,100237.09981539742,9915.636471484773,23187.747575189736,12819.915980750953,9239.872780352454,13222.411543044262,725.463251793019,0.08063285851479195,0.8151170033906815,10438.28722547242,479486.70000000624,865849.2582666061,41097.21092431297,3379.801612351435,2976.187500000004,1587607.4482976524,793250.9177187805,0.0,2380858.3660164326,-2186040.076022057,15.83852137802754,23.752267078767865,1155.000000000015,744.7219855711791,138.4030144288057,121.8750000000002,110722.4115430443,97500.00000000003,365,15,30,0,0.8829181437160843,79,-2186.04007602205,rolling_milp,9000057,6904.250364139676,720,41730,41730.0,41730.0,1392789.1583032766,2186040.076022057,194818.28999437566,True,online_controller,True,completed,,,30,"{""Integer Feasible"": 22, ""Optimal"": 8}",0,22,6719.569203283638,300.0,4,/scratch_root/hx721/software/CPLEX_Studio2220/cplex/bin/x86-64_linux/cplex,greedy,False,False,720
720.0,0.9,720.0,126103.88537882672,101779.32948394625,6512.717756608974,24389.53325760064,17811.83813827163,6827.674753406144,14094.252858102313,3467.6056460921845,0.051645654985524196,0.8071070068792294,11714.167356997801,491940.9000000059,931317.0573503603,41729.52508841792,3635.352068493575,3205.1250000000045,1651891.201327531,521017.4205287178,0.0,2172908.6218562485,-1992845.3800359955,16.23012462061941,21.349213370471098,1185.0000000000143,694.8821839273575,148.86781607262802,131.25000000000023,119094.25285810226,105000.0,334,19,25,0,0.7819803223767099,79,-1992.8453800359894,rolling_milp,9000058,6651.0237685078755,720,41730,41730.0,41730.0,1471827.9595072777,1992845.3800359955,180063.2418202531,True,online_controller,True,completed,,,30,"{""Integer Feasible"": 21, ""Optimal"": 9}",0,21,6413.35131694423,300.0,4,/scratch_root/hx721/software/CPLEX_Studio2220/cplex/bin/x86-64_linux/cplex,greedy,False,False,720
720.0,0.9,720.0,125978.9416694392,115085.79645024004,1012.0214824219643,19619.347676309095,9881.123736777257,10172.673171513603,7883.324206922807,1563.350297872683,0.00803325912260356,0.9135320151539129,0.0,526397.5200000061,960165.5952981361,47185.176544598384,3747.9609714163234,3507.322500000005,1753171.2122320868,80961.71859375716,0.0,1834132.930825844,-1621965.293907914,15.23360194140126,15.937092042621202,1268.0000000000148,594.8958447413313,153.47915525865375,143.62500000000026,122783.32420692281,114900.0,279,21,18,0,0.7809984913778465,21,-1621.965293907906,rolling_milp,9000059,6194.333374348003,720,41730,41730.0,41730.0,1541003.575314157,1621965.293907914,212167.63691792986,True,online_controller,True,completed,,,30,"{""Integer Feasible"": 19, ""Optimal"": 11}",0,19,5914.794837928843,300.0,4,/scratch_root/hx721/software/CPLEX_Studio2220/cplex/bin/x86-64_linux/cplex,greedy,False,False,720
720.0,0.9,720.0,126857.6135473692,86221.73756620957,17114.427044379878,30186.05300806361,23521.448936779692,9929.510134825488,20256.54287323812,0.0,0.13491052342703322,0.6796733373359101,27950.114626422714,498168.0000000051,803556.165268722,35350.912402145936,3136.643471205592,2518.3125000000027,1593393.3721948147,1369154.1635503927,0.0,2962547.5357452077,-2711884.1971924715,18.480181647594957,34.35963620508426,1200.0000000000123,728.4293214084399,128.44567859154762,103.12500000000013,102756.54287323813,82500.0,410,14,11,0,0.8225384694400395,132,-2711.884197192463,rolling_milp,9000060,6572.863320844714,720,41730,41730.0,41730.0,1342730.0336420787,2711884.1971924715,250663.33855273604,True,online_controller,True,completed,,,30,"{""Integer Feasible"": 21, ""Optimal"": 9}",0,21,6385.832732495852,300.0,4,/scratch_root/hx721/software/CPLEX_Studio2220/cplex/bin/x86-64_linux/cplex,greedy,False,False,720
