"RelativePath","Bytes","SHA256"
"E1\rolling_milp_formal_9000031_9000060_cplex222_300s_attempt2\seed_9000031\executed_actions.json","62096","d388f8e86949290393e0995e2d29aa84bcbd3ff2a175ed0603c0a444f55f03d1"
"E1\rolling_milp_formal_9000031_9000060_cplex222_300s_attempt2\seed_9000031\formal_task_metadata.json","298","fb1fc15ea01b43c5be3733eae2ca56ac6a11282d92346c02c55655ac2c46d5fd"
"E1\rolling_milp_formal_9000031_9000060_cplex222_300s_attempt2\seed_9000031\per_controller.csv","2120","f3c9da7ea63ce00a5fa6c779875843b5b44002d3e57eaa018d8cad712f71621e"
"E1\rolling_milp_formal_9000031_9000060_cplex222_300s_attempt2\seed_9000031\smoke_summary.json","88289","3a55fa960597528fd26fa9b93bf27a982c7cf3ce3851955ba956acb44d3dece0"
"E1\rolling_milp_formal_9000031_9000060_cplex222_300s_attempt2\seed_9000032\executed_actions.json","62096","fca4c957fd7d23cf679e793ec50a8861c97fa7099f1152844235a28886450d24"
"E1\rolling_milp_formal_9000031_9000060_cplex222_300s_attempt2\seed_9000032\formal_task_metadata.json","298","6bd8a7ecaf24d32dbf4d641480bae40a0c679a250f4acdced4c568b0076c3ed8"
"E1\rolling_milp_formal_9000031_9000060_cplex222_300s_attempt2\seed_9000032\per_controller.csv","2111","ac39740200f803da1ba12854db585ea45c327abf68d25e9a2967510a4d5bddc4"
"E1\rolling_milp_formal_9000031_9000060_cplex222_300s_attempt2\seed_9000032\smoke_summary.json","90952","49684345e2716f5d18a8666e8b6a97953b5e19d09a7e50b13eb0d4b91067b82d"
"E1\rolling_milp_formal_9000031_9000060_cplex222_300s_attempt2\seed_9000033\executed_actions.json","62096","8420456d2384c3784a157eccc46382b16a91f42f89de757291bf4c48fb810dba"
"E1\rolling_milp_formal_9000031_9000060_cplex222_300s_attempt2\seed_9000033\formal_task_metadata.json","298","47c43014da783e32504c17f972700aac520cff2d248f53c349e4ae6cf6a12a0e"
"E1\rolling_milp_formal_9000031_9000060_cplex222_300s_attempt2\seed_9000033\per_controller.csv","2103","97408a262c3493919ad17ed1f66d91ccd77ae6a7606c10d0b8596335652a684a"
"E1\rolling_milp_formal_9000031_9000060_cplex222_300s_attempt2\seed_9000033\smoke_summary.json","96914","51b9038e83867625b222db5d3303d7cca1a0cbf9967354911a0b72ae0c28b497"
"E1\rolling_milp_formal_9000031_9000060_cplex222_300s_attempt2\seed_9000034\executed_actions.json","62096","e954b9fd68d2bf96092d31a94e1019df94c88737b0fe29d689a003254a8abdf2"
"E1\rolling_milp_formal_9000031_9000060_cplex222_300s_attempt2\seed_9000034\formal_task_metadata.json","298","0a67b9882a6859c7ac1e4ed805c4a46bcd88bd19c5ac612219fbd31d6ffcde2b"
"E1\rolling_milp_formal_9000031_9000060_cplex222_300s_attempt2\seed_9000034\per_controller.csv","2112","06db35e3d9b596013f7b022ec5c2a0a5fa0b807f6e4f9050773be5a304a75a80"
"E1\rolling_milp_formal_9000031_9000060_cplex222_300s_attempt2\seed_9000034\smoke_summary.json","90784","8b91774f062b94ffb7030e6becea02822f8e6c95c562fd5587ab5f2c8cfb2ab6"
"E1\rolling_milp_formal_9000031_9000060_cplex222_300s_attempt2\seed_9000035\executed_actions.json","62096","c0b4feeb6b42182c7a2d7733a92616925e2fe91b592f249c890c16704a20e075"
"E1\rolling_milp_formal_9000031_9000060_cplex222_300s_attempt2\seed_9000035\formal_task_metadata.json","298","c0aa41e4b3282fa333c50aac0aaaf57a87b48b4db5814fa81bae61c09533a845"
"E1\rolling_milp_formal_9000031_9000060_cplex222_300s_attempt2\seed_9000035\per_controller.csv","2119","eaa34a54e2f47ecc2bc5859cdb3168d245d6d05d84e5edbb1e992c1d8179b41c"
"E1\rolling_milp_formal_9000031_9000060_cplex222_300s_attempt2\seed_9000035\smoke_summary.json","85888","57cccd9da8224f9041b5d66b69bed3b66079eb857c1d4b64163e8cefd287958a"
"E1\rolling_milp_formal_9000031_9000060_cplex222_300s_attempt2\seed_9000036\executed_actions.json","62096","f01f2942f7fc3ff02ff9eeb18a5f0191eedaa5760063ee99383507a73e289052"
"E1\rolling_milp_formal_9000031_9000060_cplex222_300s_attempt2\seed_9000036\formal_task_metadata.json","298","103f76c40d3c54624d0a0f63136c4cfad6970fbf7cf94758f8ea664134022260"
"E1\rolling_milp_formal_9000031_9000060_cplex222_300s_attempt2\seed_9000036\per_controller.csv","2118","4c78600b04d08f545b2c7cc9dfefe66c46e23b21a1267db8e1ddf949ae97c3e5"
"E1\rolling_milp_formal_9000031_9000060_cplex222_300s_attempt2\seed_9000036\smoke_summary.json","76513","8cd457aba5f3ff32c52a9ffadc5f83516fd41fc7493c2e5f4cf2948e3473fd55"
"E1\rolling_milp_formal_9000031_9000060_cplex222_300s_attempt2\seed_9000037\executed_actions.json","62096","1e3b010205b3a1dbee0442883649e656fb1f4d9e3b2f399f9f923118eba0addd"
"E1\rolling_milp_formal_9000031_9000060_cplex222_300s_attempt2\seed_9000037\formal_task_metadata.json","298","a772cadaee5112b19773394473a86c9b3038187d59fcc0c05f40bc34e44b27c4"
"E1\rolling_milp_formal_9000031_9000060_cplex222_300s_attempt2\seed_9000037\per_controller.csv","2099","dc4be61a7cf14d3cc57745fb54a5b17e2882633612d5a0ed33f48c9543a4b85b"
"E1\rolling_milp_formal_9000031_9000060_cplex222_300s_attempt2\seed_9000037\smoke_summary.json","90211","6f8ca270e78a094d20e2c11b07c87f5d4dedbfd83f195561f31876f7827b8f89"
"E1\rolling_milp_formal_9000031_9000060_cplex222_300s_attempt2\seed_9000038\executed_actions.json","62096","899f43b1d068c7c0d1940caa8d31c3c98fa23fae1c7148970ccefb1a15318220"
"E1\rolling_milp_formal_9000031_9000060_cplex222_300s_attempt2\seed_9000038\formal_task_metadata.json","298","db292df3066bde7e3fd2fc6a9882f76598a527d7a4f4fb43c7c38f69f9ad6885"
"E1\rolling_milp_formal_9000031_9000060_cplex222_300s_attempt2\seed_9000038\per_controller.csv","2096","58b97a63e199154234fcfcdf72f3c1ce9cadef5dc623e6cef371d33d174785b2"
"E1\rolling_milp_formal_9000031_9000060_cplex222_300s_attempt2\seed_9000038\smoke_summary.json","91644","ffbbd787476d48d3d9b150b4f9cb5cc1779359eb294396fb809c30f5dbfbd91b"
"E1\rolling_milp_formal_9000031_9000060_cplex222_300s_attempt2\seed_9000039\executed_actions.json","62096","a0ddbc8e0b8300f2683b7666dcaf59dc176e91492e9094461e2515ece73bef5d"
"E1\rolling_milp_formal_9000031_9000060_cplex222_300s_attempt2\seed_9000039\formal_task_metadata.json","298","c67a9f416bc654425415fe4a6fb44ef5d56be4a35f2eb244d003c47cf3de06ce"
"E1\rolling_milp_formal_9000031_9000060_cplex222_300s_attempt2\seed_9000039\per_controller.csv","2120","0f1930f1b25c44393815e0f5a084fb3c402016b1db68eed15b0447bbd95ba742"
"E1\rolling_milp_formal_9000031_9000060_cplex222_300s_attempt2\seed_9000039\smoke_summary.json","92139","ab9391c03c329506478699da0565cc78f5b2885cbcc9b62dfe3094ee53b8d854"
"E1\rolling_milp_formal_9000031_9000060_cplex222_300s_attempt2\seed_9000040\executed_actions.json","62096","cc883e6c8cc12beea6f8521af8ae1acc84b2a84284d9bc668fc675a193908db8"
"E1\rolling_milp_formal_9000031_9000060_cplex222_300s_attempt2\seed_9000040\formal_task_metadata.json","298","38f5105ab23c6774ac0cb2e723bed4178ff5e35b68a94819b67d9563d19b8b5b"
"E1\rolling_milp_formal_9000031_9000060_cplex222_300s_attempt2\seed_9000040\per_controller.csv","2109","53af9c1c5dc39545d9d133a023cf4f6439ebf2d1c0ada3e11efdbc4e56322302"
"E1\rolling_milp_formal_9000031_9000060_cplex222_300s_attempt2\seed_9000040\smoke_summary.json","84702","4236188e164d857e0dde8d9c12e83fa962c8b173bfb37d79e7bde096b0fb9301"
"E1\rolling_milp_formal_9000031_9000060_cplex222_300s_attempt2\seed_9000041\executed_actions.json","62096","0f27f36d221c01ff7105b010fbe53a9f4c7795399b62ec06851c927328c17503"
"E1\rolling_milp_formal_9000031_9000060_cplex222_300s_attempt2\seed_9000041\formal_task_metadata.json","299","9e74812250e4245e40aa931c7c7d6998690b9dffb369b080b9aa8dcfedc059f4"
"E1\rolling_milp_formal_9000031_9000060_cplex222_300s_attempt2\seed_9000041\per_controller.csv","2104","c3364da95535d965a4770ffd69b2673f011086833e9f9a96eedb0ae589401572"
"E1\rolling_milp_formal_9000031_9000060_cplex222_300s_attempt2\seed_9000041\smoke_summary.json","89608","faf5a79655323787c05fe60ec7ac6c77f1628bbfa8a0ed686d0d3e7f04a636d6"
"E1\rolling_milp_formal_9000031_9000060_cplex222_300s_attempt2\seed_9000042\executed_actions.json","62096","8418154a389a862b7f2bb1a10989638ded08dd06537e9e1a3ec18ef5c3963fce"
"E1\rolling_milp_formal_9000031_9000060_cplex222_300s_attempt2\seed_9000042\formal_task_metadata.json","299","05179a577d5ca381638dd221bde1027b5656e524d331edccf3d25a9bae4a1109"
"E1\rolling_milp_formal_9000031_9000060_cplex222_300s_attempt2\seed_9000042\per_controller.csv","2118","861740a696b05581e3da74c798f040e19d694b0d579aeaeb5ceefd86dd8355de"
"E1\rolling_milp_formal_9000031_9000060_cplex222_300s_attempt2\seed_9000042\smoke_summary.json","91635","f329c848bde86d01805e0be2a1cdebfab9c1364ec3cdfde23b7e124c505958ca"
"E1\rolling_milp_formal_9000031_9000060_cplex222_300s_attempt2\seed_9000043\executed_actions.json","62096","3e3bb400bb7cc5bc593ccf39fd3109bae083dbd1312baa72a70d1ea3c09d591e"
"E1\rolling_milp_formal_9000031_9000060_cplex222_300s_attempt2\seed_9000043\formal_task_metadata.json","299","5649edd9ee13fb09dc01fffe0de74e3583b507a5c61b48985b0389777c4d37db"
"E1\rolling_milp_formal_9000031_9000060_cplex222_300s_attempt2\seed_9000043\per_controller.csv","2112","aefb10b76e03d386cfed1f82385d8e2285a762b92d5c6062aa5194448bf25b16"
"E1\rolling_milp_formal_9000031_9000060_cplex222_300s_attempt2\seed_9000043\smoke_summary.json","93561","7538ec4cc6a418a3a0d7a61017bad4eca33ab0d2550980494b081a3a075773f3"
"E1\rolling_milp_formal_9000031_9000060_cplex222_300s_attempt2\seed_9000044\executed_actions.json","62096","3f1f8e1b7c9ef2ae16a72f6c8cf0e423cadcd5d5e7d9553cde9ace5dbb349a85"
"E1\rolling_milp_formal_9000031_9000060_cplex222_300s_attempt2\seed_9000044\formal_task_metadata.json","299","b5936a6435ce6984901de07dd9678f7dd6145ee9d138e448c7c1cfb76b26a5e1"
"E1\rolling_milp_formal_9000031_9000060_cplex222_300s_attempt2\seed_9000044\per_controller.csv","2065","2f1c37b57e1387b41cf6bac686e4ffeae7af76ed15294cc913e4216fc0d54366"
"E1\rolling_milp_formal_9000031_9000060_cplex222_300s_attempt2\seed_9000044\smoke_summary.json","91447","c9feb985fb9153035b08750b177bdb8ad138e63813c991904f3b4f92b65d5a5d"
"E1\rolling_milp_formal_9000031_9000060_cplex222_300s_attempt2\seed_9000045\executed_actions.json","62096","b36dfc66647aa8d5702cdd7e8f410c0e20ecc8aebcddf83c5fb3a0865960357e"
"E1\rolling_milp_formal_9000031_9000060_cplex222_300s_attempt2\seed_9000045\formal_task_metadata.json","299","ae3c93fd736db077bb539d7be41f3ded02571821d6e05ef5f6c74a14fd01b6e5"
"E1\rolling_milp_formal_9000031_9000060_cplex222_300s_attempt2\seed_9000045\per_controller.csv","2119","364697c248e814b8b6971aca129a7dcd91e8c66b701f2d8caa43797b46377ca0"
"E1\rolling_milp_formal_9000031_9000060_cplex222_300s_attempt2\seed_9000045\smoke_summary.json","89889","7a3c75b0fab023ca946aeabfe651e6bc2041cc5c2e6bec7a02e79931d3791376"
"E1\rolling_milp_formal_9000031_9000060_cplex222_300s_attempt2\seed_9000046\executed_actions.json","62096","71ad5f3cc991b6bd4fae5442f37c87323bcaddd69b7ad8892eee363aa0d79c08"
"E1\rolling_milp_formal_9000031_9000060_cplex222_300s_attempt2\seed_9000046\formal_task_metadata.json","299","c1c56fa6b51b34bab51c47c5deb7333510952fde1276627ad1e91837125bbb8b"
"E1\rolling_milp_formal_9000031_9000060_cplex222_300s_attempt2\seed_9000046\per_controller.csv","2090","be51cce4cd72038c689568704a10febb4111f4a297d95da84b1a08f647a8b06b"
"E1\rolling_milp_formal_9000031_9000060_cplex222_300s_attempt2\seed_9000046\smoke_summary.json","89845","c08bb955196691af4bc1b60d1787fcb767cbefc02948c5245f472cbaca7a171a"
"E1\rolling_milp_formal_9000031_9000060_cplex222_300s_attempt2\seed_9000047\executed_actions.json","62096","2b7d076aad29b547429bf5a27098c76bd3733ae8bedfd623f3d9f6c2ceba1e0b"
"E1\rolling_milp_formal_9000031_9000060_cplex222_300s_attempt2\seed_9000047\formal_task_metadata.json","299","15304d2eeaf35b7daf4c3edabcd388f0fc1b200f66b4179d26eb63cfab18c9f9"
"E1\rolling_milp_formal_9000031_9000060_cplex222_300s_attempt2\seed_9000047\per_controller.csv","2109","2d6385911f815b2c03d681bbd08b23d3e5df21c26a0c005cf1691e4a9f960cbc"
"E1\rolling_milp_formal_9000031_9000060_cplex222_300s_attempt2\seed_9000047\smoke_summary.json","90728","4fcb73ea03da9a0b9bace4a72a37a87289d52dd1eb92581f2bcd70b3eea66e1c"
"E1\rolling_milp_formal_9000031_9000060_cplex222_300s_attempt2\seed_9000048\executed_actions.json","62096","152c0e5861a9d9c56dd190449d320ec7c9b0aecd7c47cdd089dce559d839e8bc"
"E1\rolling_milp_formal_9000031_9000060_cplex222_300s_attempt2\seed_9000048\formal_task_metadata.json","299","e49ee302b4296c6887754f9e5262b4487795344f6cc9d7fcc602cf757e1d1860"
"E1\rolling_milp_formal_9000031_9000060_cplex222_300s_attempt2\seed_9000048\per_controller.csv","2092","01c4225322f2c453c53f0c455243ece3f62a6cb3364f0df46179539700661ef4"
"E1\rolling_milp_formal_9000031_9000060_cplex222_300s_attempt2\seed_9000048\smoke_summary.json","88813","57fa15ba403c4bcef2c1a2126b76f31add906d12aa1ac1955bbb1334ba80e750"
"E1\rolling_milp_formal_9000031_9000060_cplex222_300s_attempt2\seed_9000049\executed_actions.json","62096","42bc6fde90bd69cb0848844754eae6b3f30a6b6eb45397d60596db5ff316afd2"
"E1\rolling_milp_formal_9000031_9000060_cplex222_300s_attempt2\seed_9000049\formal_task_metadata.json","299","06da4d69a41cb3327fedf8ca657647b3b2860800dbb2b0fdae63313dfbf8cb3f"
"E1\rolling_milp_formal_9000031_9000060_cplex222_300s_attempt2\seed_9000049\per_controller.csv","2108","91c18fcc5c7cb301cae9d38ac5d9cfa646210ecf0fe860a68c99812a03ee4894"
"E1\rolling_milp_formal_9000031_9000060_cplex222_300s_attempt2\seed_9000049\smoke_summary.json","92138","3ebeeeb2e41508d0c35e64e8256e94041e3a6b6766ef8c9343e990da676bdcb6"
"E1\rolling_milp_formal_9000031_9000060_cplex222_300s_attempt2\seed_9000050\executed_actions.json","62096","ed65d5e0cb2871c4922e00f8241694a55b6936c4251ca0717070c2140f355273"
"E1\rolling_milp_formal_9000031_9000060_cplex222_300s_attempt2\seed_9000050\formal_task_metadata.json","299","2c01bae7b7d06b8f1563d157a043c74274e0259158bb3e0d6b5eca641f09fcc6"
"E1\rolling_milp_formal_9000031_9000060_cplex222_300s_attempt2\seed_9000050\per_controller.csv","2115","61e48ce3629dc1b1c79310494cc63fe7c5f014b381f037690ef3cae05ab4126d"
"E1\rolling_milp_formal_9000031_9000060_cplex222_300s_attempt2\seed_9000050\smoke_summary.json","90726","7ff5c69ec2b4e95b4942422a582ef5d10c6d075578165465d5af1c291cf5ac06"
"E1\rolling_milp_formal_9000031_9000060_cplex222_300s_attempt2\seed_9000051\executed_actions.json","62096","b66b869034a931bb83c87957e4ce840a278012ed4016505eff136374c88f1ae3"
"E1\rolling_milp_formal_9000031_9000060_cplex222_300s_attempt2\seed_9000051\formal_task_metadata.json","299","6bfe49375039e07f013060fc710435237b12823fce338d83136fe1ca1d76649b"
"E1\rolling_milp_formal_9000031_9000060_cplex222_300s_attempt2\seed_9000051\per_controller.csv","2110","a71240ba2c7abd1fe3a1587c2d6ac255cdcda1a5512f6fead8da089a4dfdb91b"
"E1\rolling_milp_formal_9000031_9000060_cplex222_300s_attempt2\seed_9000051\smoke_summary.json","92696","1bfe32bf297727d74f798c8539f0801b500a6670bed3249dba1276a4241fd3c1"
"E1\rolling_milp_formal_9000031_9000060_cplex222_300s_attempt2\seed_9000052\executed_actions.json","62096","3fdb33d6a642e8a616da646c9f4bdca0ac1b1a7cf5af1839a92bc58739a0e79c"
"E1\rolling_milp_formal_9000031_9000060_cplex222_300s_attempt2\seed_9000052\formal_task_metadata.json","299","99430b5093c8c854e229a1438d81cf8c8e6d08d6ff14a93122ae78be3026bd70"
"E1\rolling_milp_formal_9000031_9000060_cplex222_300s_attempt2\seed_9000052\per_controller.csv","2100","02948aa9f466df862846ab40af69c5c5b24b927cc8091d1eb9424f1fcd2c10f5"
"E1\rolling_milp_formal_9000031_9000060_cplex222_300s_attempt2\seed_9000052\smoke_summary.json","85538","f246468ec9215bf0ebe3c973f45cc7be9cbe6c0b59793661186f3d3c8340ada2"
"E1\rolling_milp_formal_9000031_9000060_cplex222_300s_attempt2\seed_9000053\executed_actions.json","62096","a6ee33d333604382ee844f8af6cbf7fd981a6caad02cf249f219f2f76b86d81a"
"E1\rolling_milp_formal_9000031_9000060_cplex222_300s_attempt2\seed_9000053\formal_task_metadata.json","299","a61a2e5c04868ef0d48a3a1c7af8ec305732dbcfa51d118c6d0d662e41a9417d"
"E1\rolling_milp_formal_9000031_9000060_cplex222_300s_attempt2\seed_9000053\per_controller.csv","2111","46f6c529c4c884ead425b5d7fb23f33fb9a10a9302c312f97633f5732efcf816"
"E1\rolling_milp_formal_9000031_9000060_cplex222_300s_attempt2\seed_9000053\smoke_summary.json","87932","643d542cdea7477b90295064db93bfeb24b46a78465c991da76697d021064308"
"E1\rolling_milp_formal_9000031_9000060_cplex222_300s_attempt2\seed_9000054\executed_actions.json","62096","b68aee971352d13fa420ce4a7b3db9c6e6fa1ce3552c5fc543678eb596828880"
"E1\rolling_milp_formal_9000031_9000060_cplex222_300s_attempt2\seed_9000054\formal_task_metadata.json","299","514173e46f24e9fb287b8864b3722c8b72a38d986035674c814063c48563e548"
"E1\rolling_milp_formal_9000031_9000060_cplex222_300s_attempt2\seed_9000054\per_controller.csv","2109","266d3a51c49f248ba971665a74f6d63e92990a15737bd8c43bb708f4f6d93ebe"
"E1\rolling_milp_formal_9000031_9000060_cplex222_300s_attempt2\seed_9000054\smoke_summary.json","84504","98fd7f1d40573c1b8019ad3c686d2675164c3b05adfd85d39c94d3cdefff5c42"
"E1\rolling_milp_formal_9000031_9000060_cplex222_300s_attempt2\seed_9000055\executed_actions.json","62096","63f2fe2f47772d93e91993daee561e1a26b8bbacd84aea07b124e931a0ef77b2"
"E1\rolling_milp_formal_9000031_9000060_cplex222_300s_attempt2\seed_9000055\formal_task_metadata.json","299","d67ea76f038d2aa1bad06d541263b4a7e4e9d112dd2e91882d9769a0d8b18772"
"E1\rolling_milp_formal_9000031_9000060_cplex222_300s_attempt2\seed_9000055\per_controller.csv","2110","cc7727e321c7dd73747049ee972ed498a109a813dacf92cc6cf5ca821edd396f"
"E1\rolling_milp_formal_9000031_9000060_cplex222_300s_attempt2\seed_9000055\smoke_summary.json","91994","8742bfc724f63e2a63f786e6f37ae432a94e54ac49621f396379938cc188c839"
"E1\rolling_milp_formal_9000031_9000060_cplex222_300s_attempt2\seed_9000056\executed_actions.json","62096","63c227b11ea92071f4cb83c0401c51dd747d6b9ff89806a2823c72769cb978fd"
"E1\rolling_milp_formal_9000031_9000060_cplex222_300s_attempt2\seed_9000056\formal_task_metadata.json","299","4c837d9fb7a852b5130ea95ec456dae7f143eae7052254c8c1a4759d2b283391"
"E1\rolling_milp_formal_9000031_9000060_cplex222_300s_attempt2\seed_9000056\per_controller.csv","2113","718d5b59a5721bcf12b062ab85d1156dcf628efc92ba339869f23e015857a2ba"
"E1\rolling_milp_formal_9000031_9000060_cplex222_300s_attempt2\seed_9000056\smoke_summary.json","94324","8535cd095f9f521b3668115ff8935a48f5f2f74e02d8bf789822c27e3db67189"
"E1\rolling_milp_formal_9000031_9000060_cplex222_300s_attempt2\seed_9000057\executed_actions.json","62096","b442f100115e12794c5592cb99d24079c7b7f33e06335523849b598974e87907"
"E1\rolling_milp_formal_9000031_9000060_cplex222_300s_attempt2\seed_9000057\formal_task_metadata.json","299","a9ffb638ce58496cd121b2a9d2f489c08fab32d743b9334d4fe595cc5d173575"
"E1\rolling_milp_formal_9000031_9000060_cplex222_300s_attempt2\seed_9000057\per_controller.csv","2114","83f5b8b19e324775e9985d7cc7ec29c4df59d5afb9dbfa42754a122b7e9bf2c0"
"E1\rolling_milp_formal_9000031_9000060_cplex222_300s_attempt2\seed_9000057\smoke_summary.json","91417","c34b349f4d556d7c04e036b4b77f924238ddd4e508655b3c5159aaa7a81a07e8"
"E1\rolling_milp_formal_9000031_9000060_cplex222_300s_attempt2\seed_9000058\executed_actions.json","62096","a543499dc5a7d7270202cb99f28f308472fc859ec443f17b1fb3a2927056c341"
"E1\rolling_milp_formal_9000031_9000060_cplex222_300s_attempt2\seed_9000058\formal_task_metadata.json","299","c6fa15f84a6a1aeafdb5327e595889d752d5345c6741b484f6ec108b7d1a0c9c"
"E1\rolling_milp_formal_9000031_9000060_cplex222_300s_attempt2\seed_9000058\per_controller.csv","2113","c17e4cf98ee7ab5e3c1daca5ec7355280e7acbd3f8f56490dd9bc857a13176ae"
"E1\rolling_milp_formal_9000031_9000060_cplex222_300s_attempt2\seed_9000058\smoke_summary.json","94175","8f190cfac5d7ea51067d336ab5a3444a0d35a738bf352a906a37789d8a03cad4"
"E1\rolling_milp_formal_9000031_9000060_cplex222_300s_attempt2\seed_9000059\executed_actions.json","62096","6b682e7ad9f109f291cbc661e4cef964047453b0d381e50a28c3f76fa7ea9597"
"E1\rolling_milp_formal_9000031_9000060_cplex222_300s_attempt2\seed_9000059\formal_task_metadata.json","299","15b306564b31b4569bea8aa9c377dfb6316b2428c27ced382e88b5f1be711e59"
"E1\rolling_milp_formal_9000031_9000060_cplex222_300s_attempt2\seed_9000059\per_controller.csv","2096","158edfefa61d41a37852e310ba7b7aeb5b182fa91ce77a0bc8c7ab6d9397b756"
"E1\rolling_milp_formal_9000031_9000060_cplex222_300s_attempt2\seed_9000059\smoke_summary.json","87418","66c4d98788ae30bd47b3f2b73e93d2392936953c349992039e7f52d520ba5b5d"
"E1\rolling_milp_formal_9000031_9000060_cplex222_300s_attempt2\seed_9000060\executed_actions.json","62096","c91bd1e41249b91afc2a4924c165516885bf8077ef820d90df985fe1f4513a7c"
"E1\rolling_milp_formal_9000031_9000060_cplex222_300s_attempt2\seed_9000060\formal_task_metadata.json","299","963309cac6d06ab1ecfdf3dc701085dc93ce086e32e793948115913268b51a78"
"E1\rolling_milp_formal_9000031_9000060_cplex222_300s_attempt2\seed_9000060\per_controller.csv","2098","4b272a07143d5b0bef9d30998fe3b2cad883737f04e4c65a4eecf003300c4193"
"E1\rolling_milp_formal_9000031_9000060_cplex222_300s_attempt2\seed_9000060\smoke_summary.json","82574","68bf4514726d63a000dd505dbc5c53cee1246a91bee0c1d20de387d91a5f79d1"
"E5\full_milp_formal_9000031_9000060_cplex222_7200s_attempt2\seed_9000031\executed_actions.json","62091","019941778d20c005a4cd24957896e2b1c75a620362351b6605420bcb9124ed4b"
"E5\full_milp_formal_9000031_9000060_cplex222_7200s_attempt2\seed_9000031\formal_task_metadata.json","296","914660ce61163672375b084516b750ee43fa520fce6c7cf817acdc9a07c70f3e"
"E5\full_milp_formal_9000031_9000060_cplex222_7200s_attempt2\seed_9000031\per_controller.csv","1928","74e2c44c56864f760231f57d0d91f6f00ba103f30064c038f97e2b246361b30d"
"E5\full_milp_formal_9000031_9000060_cplex222_7200s_attempt2\seed_9000031\smoke_summary.json","4953","d36c7cd8523c70749b89a202d15e57e883d3d4d0d972254625e794de371dec25"
"E5\full_milp_formal_9000031_9000060_cplex222_7200s_attempt2\seed_9000032\executed_actions.json","62091","95784d1f7cba5b7131c3a0ac3d25e3255abfb485582d7137c294139e62ee2d99"
"E5\full_milp_formal_9000031_9000060_cplex222_7200s_attempt2\seed_9000032\formal_task_metadata.json","296","3c448428c8546e0ca3f3f461b7d86f7e2c80a23dfa6fcb42b29da841747d979c"
"E5\full_milp_formal_9000031_9000060_cplex222_7200s_attempt2\seed_9000032\per_controller.csv","1932","6fdfd814391f1e66bb876432fd6dde89c5cead3e7f77c53395e0999f534806ca"
"E5\full_milp_formal_9000031_9000060_cplex222_7200s_attempt2\seed_9000032\smoke_summary.json","5508","8a6923699bd894123c3e16897b117a58a07b1cae401957ed91d3bd87315b6cf3"
"E5\full_milp_formal_9000031_9000060_cplex222_7200s_attempt2\seed_9000033\executed_actions.json","62091","d819bb673e60a3306f5f8a6ebb47b11fbcd308b66b631d4ed4adfdc40eae894c"
"E5\full_milp_formal_9000031_9000060_cplex222_7200s_attempt2\seed_9000033\formal_task_metadata.json","296","b636c789812da447b26e127b877ab52a130d8e0d77af8ca0a31aa4e362cddabb"
"E5\full_milp_formal_9000031_9000060_cplex222_7200s_attempt2\seed_9000033\per_controller.csv","1925","e28b1f58e17a5ee8bf8578980d9a581851cc5d6fa3527f04f7f9fb7a41ce64ec"
"E5\full_milp_formal_9000031_9000060_cplex222_7200s_attempt2\seed_9000033\smoke_summary.json","6330","9ab4e25eb779fc669118540bcd8ea9e94a9529e8ddef581e266a998904c4193a"
"E5\full_milp_formal_9000031_9000060_cplex222_7200s_attempt2\seed_9000034\executed_actions.json","62091","6b1961954f705624b770e76c368ceb70c380de3219aa24a4f77f0a7448ce5f32"
"E5\full_milp_formal_9000031_9000060_cplex222_7200s_attempt2\seed_9000034\formal_task_metadata.json","296","4f07d94a48f703d72828f5c0d5bdfff7879ec45e1b9f7ef42de4478ab767a10e"
"E5\full_milp_formal_9000031_9000060_cplex222_7200s_attempt2\seed_9000034\per_controller.csv","1922","272d5f8d36818f30cca43a9b3068c8338068943fd4cac6eceb573b6487f21dfe"
"E5\full_milp_formal_9000031_9000060_cplex222_7200s_attempt2\seed_9000034\smoke_summary.json","5543","b99a32f428a9e289139053d96a2e4c0c74e6fa103e678a2b50b737b1bf8dc6e8"
"E5\full_milp_formal_9000031_9000060_cplex222_7200s_attempt2\seed_9000035\executed_actions.json","62091","8d2a5a5bafb65f93c4197e3a55078a0e303ae5aa2604ec399bc1e24e6a149894"
"E5\full_milp_formal_9000031_9000060_cplex222_7200s_attempt2\seed_9000035\formal_task_metadata.json","296","af832e215e7f0beab3e97780d544c7b05be19da3c2af697378a57f6eaeb7c2e8"
"E5\full_milp_formal_9000031_9000060_cplex222_7200s_attempt2\seed_9000035\per_controller.csv","1927","710d2c695e68736a31c57c1c788411bc6e62bfa5ddbf8c50c9401692caf183eb"
"E5\full_milp_formal_9000031_9000060_cplex222_7200s_attempt2\seed_9000035\smoke_summary.json","6145","fe6986e327466997db0f2f4e79b9212398fd4c9cb693a394980bd187cfd4072c"
"E5\full_milp_formal_9000031_9000060_cplex222_7200s_attempt2\seed_9000036\executed_actions.json","62091","08c12dd67432231c337f379e6c477e094cf6e00dca22e0723783a2cb8c1028f3"
"E5\full_milp_formal_9000031_9000060_cplex222_7200s_attempt2\seed_9000036\formal_task_metadata.json","296","4a517dca9a401f7f4708f2e7755385d2814be5badf711f869bea3ffcdfd7c64d"
"E5\full_milp_formal_9000031_9000060_cplex222_7200s_attempt2\seed_9000036\per_controller.csv","1931","abbd080c0ce87553d4e7ef0a92d3b2538a2b45ca7d9176fe75746a49b0f08214"
"E5\full_milp_formal_9000031_9000060_cplex222_7200s_attempt2\seed_9000036\smoke_summary.json","4956","e33314542c28f3e3072761a6f3be8c054e2509c8c5b30fcc11f6bc690202b3dd"
"E5\full_milp_formal_9000031_9000060_cplex222_7200s_attempt2\seed_9000037\executed_actions.json","62091","523c3356bf4d148c779bbb04f045b93b3eed0d01ade5076cde2f182626bb2e0d"
"E5\full_milp_formal_9000031_9000060_cplex222_7200s_attempt2\seed_9000037\formal_task_metadata.json","296","b7dcb7038ae91e9417a406605a3fa0590672bc1bec82fb7b40cee006fb2d8640"
"E5\full_milp_formal_9000031_9000060_cplex222_7200s_attempt2\seed_9000037\per_controller.csv","1921","a9f23bd7bb6c37060ac275f63efae791fc9243a7e77639881264ff0f30b4f6de"
"E5\full_milp_formal_9000031_9000060_cplex222_7200s_attempt2\seed_9000037\smoke_summary.json","4885","bf5e5d0ef0a5dc1c8adc802343961f9399ede6b684a5e0273d54b5277fe7713b"
"E5\full_milp_formal_9000031_9000060_cplex222_7200s_attempt2\seed_9000038\executed_actions.json","62091","0f1b34819db7baed30a7044aa5276059a0d1a622270afd312890a404d91e5ad2"
"E5\full_milp_formal_9000031_9000060_cplex222_7200s_attempt2\seed_9000038\formal_task_metadata.json","296","8e82c1b35397c717266a12d2a2281bb6f637a542bf389c21e6e554dc3e9ab126"
"E5\full_milp_formal_9000031_9000060_cplex222_7200s_attempt2\seed_9000038\per_controller.csv","1915","fe051c9efa42fe3084fdf04a588757ba2d40cf1bdc95281602795373a5dd954a"
"E5\full_milp_formal_9000031_9000060_cplex222_7200s_attempt2\seed_9000038\smoke_summary.json","5534","2bebff1826cc3528ffb982f1d151467eb9013b0f18c12066e99d6da1ec5b7083"
"E5\full_milp_formal_9000031_9000060_cplex222_7200s_attempt2\seed_9000039\executed_actions.json","62091","e8e37b8165ec27db10eb46364518c3e3c2381e22f282c4b6405cb1cdf5d8871f"
"E5\full_milp_formal_9000031_9000060_cplex222_7200s_attempt2\seed_9000039\formal_task_metadata.json","296","9e05c29bf4f34689e2a802e208ad68ceb4b462890402a641ace058912e035cf7"
"E5\full_milp_formal_9000031_9000060_cplex222_7200s_attempt2\seed_9000039\per_controller.csv","1924","8bf10cfca371002b33037306149afc4750b87f877082bb6f831293f02aced5e1"
"E5\full_milp_formal_9000031_9000060_cplex222_7200s_attempt2\seed_9000039\smoke_summary.json","4945","58d6c827023c6ad25153f161cf87796c34501123a20f617cc94d7bdd0f79deb3"
"E5\full_milp_formal_9000031_9000060_cplex222_7200s_attempt2\seed_9000040\executed_actions.json","62091","aec5091e4c51832bd512f7dc554b51739ac6c1818eba0d87c8bb0a35ec7e66b5"
"E5\full_milp_formal_9000031_9000060_cplex222_7200s_attempt2\seed_9000040\formal_task_metadata.json","296","adf8e3751723cae3ac9f557b78cfb908352b0d443038bc4f98d43a1cd6496134"
"E5\full_milp_formal_9000031_9000060_cplex222_7200s_attempt2\seed_9000040\per_controller.csv","1922","bf6c75cda6a2a1467acc577d83aa3218c2ab6a457eebe13e5576c24d976131a6"
"E5\full_milp_formal_9000031_9000060_cplex222_7200s_attempt2\seed_9000040\smoke_summary.json","5541","1c4a77001761e61704074d924fe3ae8fa2f802e99a8c264005ed43ebd472fd6c"
"E5\full_milp_formal_9000031_9000060_cplex222_7200s_attempt2\seed_9000041\executed_actions.json","62091","234ee2372cf6cfd86ced5a34741e24598c497b4edd1c674a3667bf9a25b499e0"
"E5\full_milp_formal_9000031_9000060_cplex222_7200s_attempt2\seed_9000041\formal_task_metadata.json","297","8390b24a8d9f2cfc6447efe4c45e10e0c2fe769c9d09be42ce43ee8627ca5ad3"
"E5\full_milp_formal_9000031_9000060_cplex222_7200s_attempt2\seed_9000041\per_controller.csv","1922","7b87c2d2dc2aaed2b0038061278adfd4cbfeb83c708409d78921f9b45dab7981"
"E5\full_milp_formal_9000031_9000060_cplex222_7200s_attempt2\seed_9000041\smoke_summary.json","5540","229deeaaa61e499335d8cfbaa163f0eb2e07aa543c73421a66e0fd627f4924d5"
"E5\full_milp_formal_9000031_9000060_cplex222_7200s_attempt2\seed_9000042\executed_actions.json","62091","72b5a345a3d0edbeb3d690f44438288f19bd06dc74095b3561fc63b85dd3ebf1"
"E5\full_milp_formal_9000031_9000060_cplex222_7200s_attempt2\seed_9000042\formal_task_metadata.json","297","f125d252f30048e5951031987e609f62c60762aaec4cfab358c3094d40c01f0b"
"E5\full_milp_formal_9000031_9000060_cplex222_7200s_attempt2\seed_9000042\per_controller.csv","1920","369ff0044ceda1e0f147667cfd6e6376b0ecbff8c8f9c4fca38828366839d92a"
"E5\full_milp_formal_9000031_9000060_cplex222_7200s_attempt2\seed_9000042\smoke_summary.json","5541","c7876d369ff6f37ead8c826e29af549d7ba349e444e4f22e38fc95424bebb2a6"
"E5\full_milp_formal_9000031_9000060_cplex222_7200s_attempt2\seed_9000043\executed_actions.json","62091","b453d9093ada977f59b0e111dd96420e13e916be7ee8a515b2656353b04936d1"
"E5\full_milp_formal_9000031_9000060_cplex222_7200s_attempt2\seed_9000043\formal_task_metadata.json","297","56cff2f30cb240427aeec9f3bbde48080dffba001ccd8d746a809dca2465b7c6"
"E5\full_milp_formal_9000031_9000060_cplex222_7200s_attempt2\seed_9000043\per_controller.csv","1912","f01be2fd5ecb017beb4fc227dda23b14d5b6122a392a620065232b5462356316"
"E5\full_milp_formal_9000031_9000060_cplex222_7200s_attempt2\seed_9000043\smoke_summary.json","4263","c06471ba1ada7bb51608d6f6f373337aa6be78f004e810eb6d8c7a3a49720dea"
"E5\full_milp_formal_9000031_9000060_cplex222_7200s_attempt2\seed_9000044\executed_actions.json","62091","2adb03a5dbacd11c6f7c70ef34a6f2d27dc5c8ee983442903ebfcf09f62ac331"
"E5\full_milp_formal_9000031_9000060_cplex222_7200s_attempt2\seed_9000044\formal_task_metadata.json","297","79625ef059a5fa248e4d30e8b844d83dd8a0209eec25dcea7ccbc62a05b152ce"
"E5\full_milp_formal_9000031_9000060_cplex222_7200s_attempt2\seed_9000044\per_controller.csv","1903","6b6e7e57b306db8d07269147f0338ce2f8f336968575677d0a98875bbce23679"
"E5\full_milp_formal_9000031_9000060_cplex222_7200s_attempt2\seed_9000044\smoke_summary.json","5470","e1181062b5c369df68662c8e3eeb445e1a4211f1088dcc83071335f5891423a3"
"E5\full_milp_formal_9000031_9000060_cplex222_7200s_attempt2\seed_9000045\executed_actions.json","62091","5af948543a04f8792cf88a88027c40439c5acc9fe9f4cf5a8bd7e4a6574380dd"
"E5\full_milp_formal_9000031_9000060_cplex222_7200s_attempt2\seed_9000045\formal_task_metadata.json","297","d8b653621783e9ce81ad04612332c87e54c5b00ab109a35f2ccb1e2b82560c0e"
"E5\full_milp_formal_9000031_9000060_cplex222_7200s_attempt2\seed_9000045\per_controller.csv","1926","692bf0772b1ac0222b29c0bc929d8021e0362d8b85a97984f7878065d31fa60d"
"E5\full_milp_formal_9000031_9000060_cplex222_7200s_attempt2\seed_9000045\smoke_summary.json","4948","05c4004e354303317d36c22236fd88289da74e1e955ea77aa06d03a0a7ea6948"
"E5\full_milp_formal_9000031_9000060_cplex222_7200s_attempt2\seed_9000046\executed_actions.json","62091","a6b555ec1d4d09c5a421f100b5b1c79502cc8b1d9ac3dadd64775b04ee9050d6"
"E5\full_milp_formal_9000031_9000060_cplex222_7200s_attempt2\seed_9000046\formal_task_metadata.json","297","43039bcbe2371416f184c564f6dbe255492e8b8770ddecf13626ce63cb9a3d28"
"E5\full_milp_formal_9000031_9000060_cplex222_7200s_attempt2\seed_9000046\per_controller.csv","1929","e48a2deed939fc9be5f648e9e1bd29550e9b8cfb1d797b3c238176f1498b7b1d"
"E5\full_milp_formal_9000031_9000060_cplex222_7200s_attempt2\seed_9000046\smoke_summary.json","5551","9dda97b3c331a8a84cb819b8953403e517b23bb349578c6893ba85f538ecc4cf"
"E5\full_milp_formal_9000031_9000060_cplex222_7200s_attempt2\seed_9000047\executed_actions.json","62091","f2d57fc3b1481b38e16b31770898eb5dc5071bcd872d2e517387c0566c5448df"
"E5\full_milp_formal_9000031_9000060_cplex222_7200s_attempt2\seed_9000047\formal_task_metadata.json","297","c526b9b9b7c6370bad51c9c96240d29b61ef15772501b3770022f4aaa49721e9"
"E5\full_milp_formal_9000031_9000060_cplex222_7200s_attempt2\seed_9000047\per_controller.csv","1922","a4ee64b0d53110cb1906d49a53b6b18e95c388ece0f5d8ffa11a19eb410c2aa8"
"E5\full_milp_formal_9000031_9000060_cplex222_7200s_attempt2\seed_9000047\smoke_summary.json","5548","c66b88a2b7f4e44c14432aa94d2ac0fcb303b3666c72d42d9d16af5895ea2586"
"E5\full_milp_formal_9000031_9000060_cplex222_7200s_attempt2\seed_9000048\executed_actions.json","62091","57e44d6019f792c9e16daadbf48a283e0e56423189cf0ad00d305305004b4347"
"E5\full_milp_formal_9000031_9000060_cplex222_7200s_attempt2\seed_9000048\formal_task_metadata.json","297","dc7522d3886fc0b5c09278c23c521d387ef01ed53ea05577f9db76c43993d5a3"
"E5\full_milp_formal_9000031_9000060_cplex222_7200s_attempt2\seed_9000048\per_controller.csv","1924","3ecfefece398acc6e1c491ba134a6c5ea53aeb3536a09d812e05386c50e71194"
"E5\full_milp_formal_9000031_9000060_cplex222_7200s_attempt2\seed_9000048\smoke_summary.json","5545","ccdfacdb0503e0be94c0047b0f45785f84d06e86f7b36bb3d708d8c1ffd85cd3"
"E5\full_milp_formal_9000031_9000060_cplex222_7200s_attempt2\seed_9000049\executed_actions.json","62091","f06d08fdeaf89677c91955521c71f7a978d9783f9b0bc138df20bde5d81dd420"
"E5\full_milp_formal_9000031_9000060_cplex222_7200s_attempt2\seed_9000049\formal_task_metadata.json","297","233e2c31255c961d505ced9dc6019fd94914ee4f157c7c8255132edc717d25c5"
"E5\full_milp_formal_9000031_9000060_cplex222_7200s_attempt2\seed_9000049\per_controller.csv","1923","f2f8933596341ff6dbf0c42027fff7cfbfb84095c8b98ce5c089c1c332f4351f"
"E5\full_milp_formal_9000031_9000060_cplex222_7200s_attempt2\seed_9000049\smoke_summary.json","5492","a2fc232e48bd1101e95077665c01ccaa37f0e0e7eb7d8705e2d44855d2f9dada"
"E5\full_milp_formal_9000031_9000060_cplex222_7200s_attempt2\seed_9000050\executed_actions.json","62091","cfedc5161a22f5d7a05dcaca9c000e253f88e31591a440d64461b19478b9cb4b"
"E5\full_milp_formal_9000031_9000060_cplex222_7200s_attempt2\seed_9000050\formal_task_metadata.json","297","93df2b7d78a24d056310a6d26bd2d3e790269688dc724b581490f8985cba4131"
"E5\full_milp_formal_9000031_9000060_cplex222_7200s_attempt2\seed_9000050\per_controller.csv","1927","4a50d6b123557a538dd3a3391d40d91d0b9bc0c41174c77ce0da9e2946d4b78e"
"E5\full_milp_formal_9000031_9000060_cplex222_7200s_attempt2\seed_9000050\smoke_summary.json","6140","6c27b24292e94899a210a7ee623d3390bbaa4e223e1b05a6f0fe70219854a198"
"E5\full_milp_formal_9000031_9000060_cplex222_7200s_attempt2\seed_9000051\executed_actions.json","62091","6fa033a8dd472a9bf5a96cfde22bcdb44e8c58c3346b04f2131165c9280f39dd"
"E5\full_milp_formal_9000031_9000060_cplex222_7200s_attempt2\seed_9000051\formal_task_metadata.json","297","3fca2dafd5f4d446814accfd24f20effa73f7bf9e96d6cb0c302bc1d7891a009"
"E5\full_milp_formal_9000031_9000060_cplex222_7200s_attempt2\seed_9000051\per_controller.csv","1937","cf9faef080362dfa60077f4b02cca975612c1e3f9dc30f3483e549abf25169a5"
"E5\full_milp_formal_9000031_9000060_cplex222_7200s_attempt2\seed_9000051\smoke_summary.json","5560","28bd9fd2a98fbd3c339e4fd9c7495d9df957f5031b7dbba2203ca82be6f9bf68"
"E5\full_milp_formal_9000031_9000060_cplex222_7200s_attempt2\seed_9000052\executed_actions.json","62091","6a724e684c656c9ddeebde5ab9b9cc6d5d8fb270f8386db71327d97e365d6db9"
"E5\full_milp_formal_9000031_9000060_cplex222_7200s_attempt2\seed_9000052\formal_task_metadata.json","297","a71199e4bba6553a1190ab40727e196d4476fc2b7efd46a7bec9f0d51e6fcd93"
"E5\full_milp_formal_9000031_9000060_cplex222_7200s_attempt2\seed_9000052\per_controller.csv","1932","9ae9d1c0aa2b9c5302aca9c75d22d0bd4f9fb86ed7b6ddf3d9ca9b3999ca024d"
"E5\full_milp_formal_9000031_9000060_cplex222_7200s_attempt2\seed_9000052\smoke_summary.json","4905","01ae4d3ad0141061eab73a8005a6a7a6207bfd10c9659b9fd2a706b157da82ce"
"E5\full_milp_formal_9000031_9000060_cplex222_7200s_attempt2\seed_9000053\executed_actions.json","62091","8cb5337711297e6c12e8e48af71582939e6fded01f4fbdf4fbd6c5a86f9113b7"
"E5\full_milp_formal_9000031_9000060_cplex222_7200s_attempt2\seed_9000053\formal_task_metadata.json","297","0c8d8e079ebe1ea72498926bf03a78ade2630f5f27eb1205b5c5486cb33263eb"
"E5\full_milp_formal_9000031_9000060_cplex222_7200s_attempt2\seed_9000053\per_controller.csv","1921","1e432b846918a2b9871c8495d5d1be9407e1e65a605a9ad9216b8a5d8ab807b8"
"E5\full_milp_formal_9000031_9000060_cplex222_7200s_attempt2\seed_9000053\smoke_summary.json","5544","cfe8b06adb0d6ff0a36d0c2d07a230ce0829647fcbf8b7e17594b638f62d6d9c"
"E5\full_milp_formal_9000031_9000060_cplex222_7200s_attempt2\seed_9000054\executed_actions.json","62091","1a07118651c071fd9fa90ac1a771221006a78a73bb22dd09144d220318af02ba"
"E5\full_milp_formal_9000031_9000060_cplex222_7200s_attempt2\seed_9000054\formal_task_metadata.json","297","cdeed523e20ebf3230c704e0b0d6f7327afe646337207af33ae7c642766de7ed"
"E5\full_milp_formal_9000031_9000060_cplex222_7200s_attempt2\seed_9000054\per_controller.csv","1929","06fa9056637da584bba532838b34c0cb124ebb62a57ccfdd2148eec0098a1376"
"E5\full_milp_formal_9000031_9000060_cplex222_7200s_attempt2\seed_9000054\smoke_summary.json","4953","ddeefe8cafd33f3852efadf8963202a925d7b27b3c06255d642c6ed5cd357de3"
"E5\full_milp_formal_9000031_9000060_cplex222_7200s_attempt2\seed_9000055\executed_actions.json","62091","7cf63f47fde827ebf91dbf5a3ed2bfa8a9118b9a9b6e7d15fc6f5023dd8cae11"
"E5\full_milp_formal_9000031_9000060_cplex222_7200s_attempt2\seed_9000055\formal_task_metadata.json","297","04c63807c0eac4e80ad6696c489d832f248217cbe74caa538da68c5564bfacd8"
"E5\full_milp_formal_9000031_9000060_cplex222_7200s_attempt2\seed_9000055\per_controller.csv","1922","89485c835d3f4ae580807968355a31a3ec187365389e982ab457a37cdf3b0a38"
"E5\full_milp_formal_9000031_9000060_cplex222_7200s_attempt2\seed_9000055\smoke_summary.json","5537","c63ce726319549fc622e755c1e0bc40e6afd8be39a37a602fb0f84423642281f"
"E5\full_milp_formal_9000031_9000060_cplex222_7200s_attempt2\seed_9000056\executed_actions.json","62091","59a5e7a1eed9e3686f0cc99d84d49c011e975142953467dd7b23faac862d0cf0"
"E5\full_milp_formal_9000031_9000060_cplex222_7200s_attempt2\seed_9000056\formal_task_metadata.json","297","2fae843122a09aaf1e3ebd1887ca4a11d06d0b528e4a542459a7c02f14c6203f"
"E5\full_milp_formal_9000031_9000060_cplex222_7200s_attempt2\seed_9000056\per_controller.csv","1930","bed07e6403f2d78b04f0f81895e611f6ec6c7c5eaefbf4ea69e5869b2cb1e4e1"
"E5\full_milp_formal_9000031_9000060_cplex222_7200s_attempt2\seed_9000056\smoke_summary.json","5501","fc579b80b5086cc13b389caa9a6179b736c8697b0f4aa507ba2b7cdda55bff16"
"E5\full_milp_formal_9000031_9000060_cplex222_7200s_attempt2\seed_9000057\executed_actions.json","62091","b99680138e9a4e85bf87962b5e9cf42b7cff31372ea6114f165b1b67f66865cc"
"E5\full_milp_formal_9000031_9000060_cplex222_7200s_attempt2\seed_9000057\formal_task_metadata.json","297","eb0440131592e68a83e5626fc22c8ee55c33c89f28649c15f67f25f5a6828b24"
"E5\full_milp_formal_9000031_9000060_cplex222_7200s_attempt2\seed_9000057\per_controller.csv","1926","5d3a013174b9059bbab1d60dbe6a5c4fd58ab7cdaa589177c4ee31ad9fc1934a"
"E5\full_milp_formal_9000031_9000060_cplex222_7200s_attempt2\seed_9000057\smoke_summary.json","4951","fb859bfa90edbbf4518c5b2af870c7f46f66b01e36fea6f6cf29183b56fa6b31"
"E5\full_milp_formal_9000031_9000060_cplex222_7200s_attempt2\seed_9000058\executed_actions.json","62091","8d00bf44798d96e0b14067541fcc1f2796c37ce16e84fc89eff22d32958896af"
"E5\full_milp_formal_9000031_9000060_cplex222_7200s_attempt2\seed_9000058\formal_task_metadata.json","297","a2a3163063d1d04f575da1eb586577901bdea0620ae4209f1fd05e1ede759d66"
"E5\full_milp_formal_9000031_9000060_cplex222_7200s_attempt2\seed_9000058\per_controller.csv","1918","79b56c03d7f6c939564c1db483b8c8e3ec968f9aa727946769a6c86f9c6ead12"
"E5\full_milp_formal_9000031_9000060_cplex222_7200s_attempt2\seed_9000058\smoke_summary.json","5537","1bcf898e71a108819c3070e3cea4fb931f3d8ae0e1a3c1cfb05053ade4cc991c"
"E5\full_milp_formal_9000031_9000060_cplex222_7200s_attempt2\seed_9000059\executed_actions.json","62091","29e54ee6de33335b81fcd3e88039448362014166c6d22f37e95e0623b08c3dcf"
"E5\full_milp_formal_9000031_9000060_cplex222_7200s_attempt2\seed_9000059\formal_task_metadata.json","297","0d62b7e4df5bd16decf2ae3adef1afd9c9e0d1c7015e11a1c2b87f54c994bf0b"
"E5\full_milp_formal_9000031_9000060_cplex222_7200s_attempt2\seed_9000059\per_controller.csv","1914","353621e2e885ac4f2963be7d4037feabde7306bdce1169a3f044af2ed82f958b"
"E5\full_milp_formal_9000031_9000060_cplex222_7200s_attempt2\seed_9000059\smoke_summary.json","5534","750fc32912f0af5c697cfe76a8d4081c082a461c9da34c97676192bd17c45fa9"
"E5\full_milp_formal_9000031_9000060_cplex222_7200s_attempt2\seed_9000060\executed_actions.json","62091","6f1dae7ec318a369197da97c8f75b561f28d68b1480f8b2c880736cb187c97a2"
"E5\full_milp_formal_9000031_9000060_cplex222_7200s_attempt2\seed_9000060\formal_task_metadata.json","297","4e63dccdb8f38043db85f5f556aede760b534a841f3b56545d463026e10ef048"
"E5\full_milp_formal_9000031_9000060_cplex222_7200s_attempt2\seed_9000060\per_controller.csv","1916","69459bcb8e0c208195bd1e8793056990046d0e2693402bca55c2245a5e2483f3"
"E5\full_milp_formal_9000031_9000060_cplex222_7200s_attempt2\seed_9000060\smoke_summary.json","5532","8778ea952c54fd198525a592178df05ed0154fcaedde5c460556f337196b82b2"
"formal_milp_9000031_9000060_attempt2_lock\configuration_lock.txt","1365","8f80182da83b6194d71ca28ec2f2087c73bda5113ac00d2ca2fd899dde554270"
"formal_milp_9000031_9000060_attempt2_lock\job_manifest.txt","400","6f3c7e8e14028d65fe77973d335ae48b1b2666903b10f792996a8807fff446e2"
