time_limit_seconds_per_replan,seed,summary_path,summary_sha256,actions_path,actions_sha256
300,9000031,experiments_results\archive\E1_pre_hour_removed_cleanup_20260730\superseded_formal_rolling_milp_h168_r24_t300s_cplex222_seeds_9000031-9000060_run02\seed_9000031\smoke_summary.json,3a55fa960597528fd26fa9b93bf27a982c7cf3ce3851955ba956acb44d3dece0,experiments_results\archive\E1_pre_hour_removed_cleanup_20260730\superseded_formal_rolling_milp_h168_r24_t300s_cplex222_seeds_9000031-9000060_run02\seed_9000031\executed_actions.json,d388f8e86949290393e0995e2d29aa84bcbd3ff2a175ed0603c0a444f55f03d1
300,9000032,experiments_results\archive\E1_pre_hour_removed_cleanup_20260730\superseded_formal_rolling_milp_h168_r24_t300s_cplex222_seeds_9000031-9000060_run02\seed_9000032\smoke_summary.json,49684345e2716f5d18a8666e8b6a97953b5e19d09a7e50b13eb0d4b91067b82d,experiments_results\archive\E1_pre_hour_removed_cleanup_20260730\superseded_formal_rolling_milp_h168_r24_t300s_cplex222_seeds_9000031-9000060_run02\seed_9000032\executed_actions.json,fca4c957fd7d23cf679e793ec50a8861c97fa7099f1152844235a28886450d24
300,9000033,experiments_results\archive\E1_pre_hour_removed_cleanup_20260730\superseded_formal_rolling_milp_h168_r24_t300s_cplex222_seeds_9000031-9000060_run02\seed_9000033\smoke_summary.json,51b9038e83867625b222db5d3303d7cca1a0cbf9967354911a0b72ae0c28b497,experiments_results\archive\E1_pre_hour_removed_cleanup_20260730\superseded_formal_rolling_milp_h168_r24_t300s_cplex222_seeds_9000031-9000060_run02\seed_9000033\executed_actions.json,8420456d2384c3784a157eccc46382b16a91f42f89de757291bf4c48fb810dba
300,9000034,experiments_results\archive\E1_pre_hour_removed_cleanup_20260730\superseded_formal_rolling_milp_h168_r24_t300s_cplex222_seeds_9000031-9000060_run02\seed_9000034\smoke_summary.json,8b91774f062b94ffb7030e6becea02822f8e6c95c562fd5587ab5f2c8cfb2ab6,experiments_results\archive\E1_pre_hour_removed_cleanup_20260730\superseded_formal_rolling_milp_h168_r24_t300s_cplex222_seeds_9000031-9000060_run02\seed_9000034\executed_actions.json,e954b9fd68d2bf96092d31a94e1019df94c88737b0fe29d689a003254a8abdf2
300,9000035,experiments_results\archive\E1_pre_hour_removed_cleanup_20260730\superseded_formal_rolling_milp_h168_r24_t300s_cplex222_seeds_9000031-9000060_run02\seed_9000035\smoke_summary.json,57cccd9da8224f9041b5d66b69bed3b66079eb857c1d4b64163e8cefd287958a,experiments_results\archive\E1_pre_hour_removed_cleanup_20260730\superseded_formal_rolling_milp_h168_r24_t300s_cplex222_seeds_9000031-9000060_run02\seed_9000035\executed_actions.json,c0b4feeb6b42182c7a2d7733a92616925e2fe91b592f249c890c16704a20e075
300,9000036,experiments_results\archive\E1_pre_hour_removed_cleanup_20260730\superseded_formal_rolling_milp_h168_r24_t300s_cplex222_seeds_9000031-9000060_run02\seed_9000036\smoke_summary.json,8cd457aba5f3ff32c52a9ffadc5f83516fd41fc7493c2e5f4cf2948e3473fd55,experiments_results\archive\E1_pre_hour_removed_cleanup_20260730\superseded_formal_rolling_milp_h168_r24_t300s_cplex222_seeds_9000031-9000060_run02\seed_9000036\executed_actions.json,f01f2942f7fc3ff02ff9eeb18a5f0191eedaa5760063ee99383507a73e289052
300,9000037,experiments_results\archive\E1_pre_hour_removed_cleanup_20260730\superseded_formal_rolling_milp_h168_r24_t300s_cplex222_seeds_9000031-9000060_run02\seed_9000037\smoke_summary.json,6f8ca270e78a094d20e2c11b07c87f5d4dedbfd83f195561f31876f7827b8f89,experiments_results\archive\E1_pre_hour_removed_cleanup_20260730\superseded_formal_rolling_milp_h168_r24_t300s_cplex222_seeds_9000031-9000060_run02\seed_9000037\executed_actions.json,1e3b010205b3a1dbee0442883649e656fb1f4d9e3b2f399f9f923118eba0addd
300,9000038,experiments_results\archive\E1_pre_hour_removed_cleanup_20260730\superseded_formal_rolling_milp_h168_r24_t300s_cplex222_seeds_9000031-9000060_run02\seed_9000038\smoke_summary.json,ffbbd787476d48d3d9b150b4f9cb5cc1779359eb294396fb809c30f5dbfbd91b,experiments_results\archive\E1_pre_hour_removed_cleanup_20260730\superseded_formal_rolling_milp_h168_r24_t300s_cplex222_seeds_9000031-9000060_run02\seed_9000038\executed_actions.json,899f43b1d068c7c0d1940caa8d31c3c98fa23fae1c7148970ccefb1a15318220
300,9000039,experiments_results\archive\E1_pre_hour_removed_cleanup_20260730\superseded_formal_rolling_milp_h168_r24_t300s_cplex222_seeds_9000031-9000060_run02\seed_9000039\smoke_summary.json,ab9391c03c329506478699da0565cc78f5b2885cbcc9b62dfe3094ee53b8d854,experiments_results\archive\E1_pre_hour_removed_cleanup_20260730\superseded_formal_rolling_milp_h168_r24_t300s_cplex222_seeds_9000031-9000060_run02\seed_9000039\executed_actions.json,a0ddbc8e0b8300f2683b7666dcaf59dc176e91492e9094461e2515ece73bef5d
300,9000040,experiments_results\archive\E1_pre_hour_removed_cleanup_20260730\superseded_formal_rolling_milp_h168_r24_t300s_cplex222_seeds_9000031-9000060_run02\seed_9000040\smoke_summary.json,4236188e164d857e0dde8d9c12e83fa962c8b173bfb37d79e7bde096b0fb9301,experiments_results\archive\E1_pre_hour_removed_cleanup_20260730\superseded_formal_rolling_milp_h168_r24_t300s_cplex222_seeds_9000031-9000060_run02\seed_9000040\executed_actions.json,cc883e6c8cc12beea6f8521af8ae1acc84b2a84284d9bc668fc675a193908db8
300,9000041,experiments_results\archive\E1_pre_hour_removed_cleanup_20260730\superseded_formal_rolling_milp_h168_r24_t300s_cplex222_seeds_9000031-9000060_run02\seed_9000041\smoke_summary.json,faf5a79655323787c05fe60ec7ac6c77f1628bbfa8a0ed686d0d3e7f04a636d6,experiments_results\archive\E1_pre_hour_removed_cleanup_20260730\superseded_formal_rolling_milp_h168_r24_t300s_cplex222_seeds_9000031-9000060_run02\seed_9000041\executed_actions.json,0f27f36d221c01ff7105b010fbe53a9f4c7795399b62ec06851c927328c17503
300,9000042,experiments_results\archive\E1_pre_hour_removed_cleanup_20260730\superseded_formal_rolling_milp_h168_r24_t300s_cplex222_seeds_9000031-9000060_run02\seed_9000042\smoke_summary.json,f329c848bde86d01805e0be2a1cdebfab9c1364ec3cdfde23b7e124c505958ca,experiments_results\archive\E1_pre_hour_removed_cleanup_20260730\superseded_formal_rolling_milp_h168_r24_t300s_cplex222_seeds_9000031-9000060_run02\seed_9000042\executed_actions.json,8418154a389a862b7f2bb1a10989638ded08dd06537e9e1a3ec18ef5c3963fce
300,9000043,experiments_results\archive\E1_pre_hour_removed_cleanup_20260730\superseded_formal_rolling_milp_h168_r24_t300s_cplex222_seeds_9000031-9000060_run02\seed_9000043\smoke_summary.json,7538ec4cc6a418a3a0d7a61017bad4eca33ab0d2550980494b081a3a075773f3,experiments_results\archive\E1_pre_hour_removed_cleanup_20260730\superseded_formal_rolling_milp_h168_r24_t300s_cplex222_seeds_9000031-9000060_run02\seed_9000043\executed_actions.json,3e3bb400bb7cc5bc593ccf39fd3109bae083dbd1312baa72a70d1ea3c09d591e
300,9000044,experiments_results\archive\E1_pre_hour_removed_cleanup_20260730\superseded_formal_rolling_milp_h168_r24_t300s_cplex222_seeds_9000031-9000060_run02\seed_9000044\smoke_summary.json,c9feb985fb9153035b08750b177bdb8ad138e63813c991904f3b4f92b65d5a5d,experiments_results\archive\E1_pre_hour_removed_cleanup_20260730\superseded_formal_rolling_milp_h168_r24_t300s_cplex222_seeds_9000031-9000060_run02\seed_9000044\executed_actions.json,3f1f8e1b7c9ef2ae16a72f6c8cf0e423cadcd5d5e7d9553cde9ace5dbb349a85
300,9000045,experiments_results\archive\E1_pre_hour_removed_cleanup_20260730\superseded_formal_rolling_milp_h168_r24_t300s_cplex222_seeds_9000031-9000060_run02\seed_9000045\smoke_summary.json,7a3c75b0fab023ca946aeabfe651e6bc2041cc5c2e6bec7a02e79931d3791376,experiments_results\archive\E1_pre_hour_removed_cleanup_20260730\superseded_formal_rolling_milp_h168_r24_t300s_cplex222_seeds_9000031-9000060_run02\seed_9000045\executed_actions.json,b36dfc66647aa8d5702cdd7e8f410c0e20ecc8aebcddf83c5fb3a0865960357e
300,9000046,experiments_results\archive\E1_pre_hour_removed_cleanup_20260730\superseded_formal_rolling_milp_h168_r24_t300s_cplex222_seeds_9000031-9000060_run02\seed_9000046\smoke_summary.json,c08bb955196691af4bc1b60d1787fcb767cbefc02948c5245f472cbaca7a171a,experiments_results\archive\E1_pre_hour_removed_cleanup_20260730\superseded_formal_rolling_milp_h168_r24_t300s_cplex222_seeds_9000031-9000060_run02\seed_9000046\executed_actions.json,71ad5f3cc991b6bd4fae5442f37c87323bcaddd69b7ad8892eee363aa0d79c08
300,9000047,experiments_results\archive\E1_pre_hour_removed_cleanup_20260730\superseded_formal_rolling_milp_h168_r24_t300s_cplex222_seeds_9000031-9000060_run02\seed_9000047\smoke_summary.json,4fcb73ea03da9a0b9bace4a72a37a87289d52dd1eb92581f2bcd70b3eea66e1c,experiments_results\archive\E1_pre_hour_removed_cleanup_20260730\superseded_formal_rolling_milp_h168_r24_t300s_cplex222_seeds_9000031-9000060_run02\seed_9000047\executed_actions.json,2b7d076aad29b547429bf5a27098c76bd3733ae8bedfd623f3d9f6c2ceba1e0b
300,9000048,experiments_results\archive\E1_pre_hour_removed_cleanup_20260730\superseded_formal_rolling_milp_h168_r24_t300s_cplex222_seeds_9000031-9000060_run02\seed_9000048\smoke_summary.json,57fa15ba403c4bcef2c1a2126b76f31add906d12aa1ac1955bbb1334ba80e750,experiments_results\archive\E1_pre_hour_removed_cleanup_20260730\superseded_formal_rolling_milp_h168_r24_t300s_cplex222_seeds_9000031-9000060_run02\seed_9000048\executed_actions.json,152c0e5861a9d9c56dd190449d320ec7c9b0aecd7c47cdd089dce559d839e8bc
300,9000049,experiments_results\archive\E1_pre_hour_removed_cleanup_20260730\superseded_formal_rolling_milp_h168_r24_t300s_cplex222_seeds_9000031-9000060_run02\seed_9000049\smoke_summary.json,3ebeeeb2e41508d0c35e64e8256e94041e3a6b6766ef8c9343e990da676bdcb6,experiments_results\archive\E1_pre_hour_removed_cleanup_20260730\superseded_formal_rolling_milp_h168_r24_t300s_cplex222_seeds_9000031-9000060_run02\seed_9000049\executed_actions.json,42bc6fde90bd69cb0848844754eae6b3f30a6b6eb45397d60596db5ff316afd2
300,9000050,experiments_results\archive\E1_pre_hour_removed_cleanup_20260730\superseded_formal_rolling_milp_h168_r24_t300s_cplex222_seeds_9000031-9000060_run02\seed_9000050\smoke_summary.json,7ff5c69ec2b4e95b4942422a582ef5d10c6d075578165465d5af1c291cf5ac06,experiments_results\archive\E1_pre_hour_removed_cleanup_20260730\superseded_formal_rolling_milp_h168_r24_t300s_cplex222_seeds_9000031-9000060_run02\seed_9000050\executed_actions.json,ed65d5e0cb2871c4922e00f8241694a55b6936c4251ca0717070c2140f355273
300,9000051,experiments_results\archive\E1_pre_hour_removed_cleanup_20260730\superseded_formal_rolling_milp_h168_r24_t300s_cplex222_seeds_9000031-9000060_run02\seed_9000051\smoke_summary.json,1bfe32bf297727d74f798c8539f0801b500a6670bed3249dba1276a4241fd3c1,experiments_results\archive\E1_pre_hour_removed_cleanup_20260730\superseded_formal_rolling_milp_h168_r24_t300s_cplex222_seeds_9000031-9000060_run02\seed_9000051\executed_actions.json,b66b869034a931bb83c87957e4ce840a278012ed4016505eff136374c88f1ae3
300,9000052,experiments_results\archive\E1_pre_hour_removed_cleanup_20260730\superseded_formal_rolling_milp_h168_r24_t300s_cplex222_seeds_9000031-9000060_run02\seed_9000052\smoke_summary.json,f246468ec9215bf0ebe3c973f45cc7be9cbe6c0b59793661186f3d3c8340ada2,experiments_results\archive\E1_pre_hour_removed_cleanup_20260730\superseded_formal_rolling_milp_h168_r24_t300s_cplex222_seeds_9000031-9000060_run02\seed_9000052\executed_actions.json,3fdb33d6a642e8a616da646c9f4bdca0ac1b1a7cf5af1839a92bc58739a0e79c
300,9000053,experiments_results\archive\E1_pre_hour_removed_cleanup_20260730\superseded_formal_rolling_milp_h168_r24_t300s_cplex222_seeds_9000031-9000060_run02\seed_9000053\smoke_summary.json,643d542cdea7477b90295064db93bfeb24b46a78465c991da76697d021064308,experiments_results\archive\E1_pre_hour_removed_cleanup_20260730\superseded_formal_rolling_milp_h168_r24_t300s_cplex222_seeds_9000031-9000060_run02\seed_9000053\executed_actions.json,a6ee33d333604382ee844f8af6cbf7fd981a6caad02cf249f219f2f76b86d81a
300,9000054,experiments_results\archive\E1_pre_hour_removed_cleanup_20260730\superseded_formal_rolling_milp_h168_r24_t300s_cplex222_seeds_9000031-9000060_run02\seed_9000054\smoke_summary.json,98fd7f1d40573c1b8019ad3c686d2675164c3b05adfd85d39c94d3cdefff5c42,experiments_results\archive\E1_pre_hour_removed_cleanup_20260730\superseded_formal_rolling_milp_h168_r24_t300s_cplex222_seeds_9000031-9000060_run02\seed_9000054\executed_actions.json,b68aee971352d13fa420ce4a7b3db9c6e6fa1ce3552c5fc543678eb596828880
300,9000055,experiments_results\archive\E1_pre_hour_removed_cleanup_20260730\superseded_formal_rolling_milp_h168_r24_t300s_cplex222_seeds_9000031-9000060_run02\seed_9000055\smoke_summary.json,8742bfc724f63e2a63f786e6f37ae432a94e54ac49621f396379938cc188c839,experiments_results\archive\E1_pre_hour_removed_cleanup_20260730\superseded_formal_rolling_milp_h168_r24_t300s_cplex222_seeds_9000031-9000060_run02\seed_9000055\executed_actions.json,63f2fe2f47772d93e91993daee561e1a26b8bbacd84aea07b124e931a0ef77b2
300,9000056,experiments_results\archive\E1_pre_hour_removed_cleanup_20260730\superseded_formal_rolling_milp_h168_r24_t300s_cplex222_seeds_9000031-9000060_run02\seed_9000056\smoke_summary.json,8535cd095f9f521b3668115ff8935a48f5f2f74e02d8bf789822c27e3db67189,experiments_results\archive\E1_pre_hour_removed_cleanup_20260730\superseded_formal_rolling_milp_h168_r24_t300s_cplex222_seeds_9000031-9000060_run02\seed_9000056\executed_actions.json,63c227b11ea92071f4cb83c0401c51dd747d6b9ff89806a2823c72769cb978fd
300,9000057,experiments_results\archive\E1_pre_hour_removed_cleanup_20260730\superseded_formal_rolling_milp_h168_r24_t300s_cplex222_seeds_9000031-9000060_run02\seed_9000057\smoke_summary.json,c34b349f4d556d7c04e036b4b77f924238ddd4e508655b3c5159aaa7a81a07e8,experiments_results\archive\E1_pre_hour_removed_cleanup_20260730\superseded_formal_rolling_milp_h168_r24_t300s_cplex222_seeds_9000031-9000060_run02\seed_9000057\executed_actions.json,b442f100115e12794c5592cb99d24079c7b7f33e06335523849b598974e87907
300,9000058,experiments_results\archive\E1_pre_hour_removed_cleanup_20260730\superseded_formal_rolling_milp_h168_r24_t300s_cplex222_seeds_9000031-9000060_run02\seed_9000058\smoke_summary.json,8f190cfac5d7ea51067d336ab5a3444a0d35a738bf352a906a37789d8a03cad4,experiments_results\archive\E1_pre_hour_removed_cleanup_20260730\superseded_formal_rolling_milp_h168_r24_t300s_cplex222_seeds_9000031-9000060_run02\seed_9000058\executed_actions.json,a543499dc5a7d7270202cb99f28f308472fc859ec443f17b1fb3a2927056c341
300,9000059,experiments_results\archive\E1_pre_hour_removed_cleanup_20260730\superseded_formal_rolling_milp_h168_r24_t300s_cplex222_seeds_9000031-9000060_run02\seed_9000059\smoke_summary.json,66c4d98788ae30bd47b3f2b73e93d2392936953c349992039e7f52d520ba5b5d,experiments_results\archive\E1_pre_hour_removed_cleanup_20260730\superseded_formal_rolling_milp_h168_r24_t300s_cplex222_seeds_9000031-9000060_run02\seed_9000059\executed_actions.json,6b682e7ad9f109f291cbc661e4cef964047453b0d381e50a28c3f76fa7ea9597
300,9000060,experiments_results\archive\E1_pre_hour_removed_cleanup_20260730\superseded_formal_rolling_milp_h168_r24_t300s_cplex222_seeds_9000031-9000060_run02\seed_9000060\smoke_summary.json,68bf4514726d63a000dd505dbc5c53cee1246a91bee0c1d20de387d91a5f79d1,experiments_results\archive\E1_pre_hour_removed_cleanup_20260730\superseded_formal_rolling_milp_h168_r24_t300s_cplex222_seeds_9000031-9000060_run02\seed_9000060\executed_actions.json,c91bd1e41249b91afc2a4924c165516885bf8077ef820d90df985fe1f4513a7c
600,9000031,experiments_results\E1\algorithms\formal_rolling_milp_h168_r24_t600s_cplex222_seeds_9000031-9000060_run03\seed_9000031\smoke_summary.json,42fdfaca0f197916a495b7fa7dfa2fb1db1dfea95e03cb1b5fac10b6707b1b38,experiments_results\E1\algorithms\formal_rolling_milp_h168_r24_t600s_cplex222_seeds_9000031-9000060_run03\seed_9000031\executed_actions.json,41d6db659f427f4856f2668d7a3a501b4883f733f8165e031c542fbed26ce71f
600,9000032,experiments_results\E1\algorithms\formal_rolling_milp_h168_r24_t600s_cplex222_seeds_9000031-9000060_run03\seed_9000032\smoke_summary.json,45605383d49594e382faee7013cdbadff8f777707f719b20e80bbb7faf52cd00,experiments_results\E1\algorithms\formal_rolling_milp_h168_r24_t600s_cplex222_seeds_9000031-9000060_run03\seed_9000032\executed_actions.json,9602f12f8393f1e26a4199514e39f330381a2ee0f875322c6a51f47ffcf5dc1a
600,9000033,experiments_results\E1\algorithms\formal_rolling_milp_h168_r24_t600s_cplex222_seeds_9000031-9000060_run03\seed_9000033\smoke_summary.json,2e12423bbd892cab72be36e55a1bb3abf49488c19a09e7d3b2f35d9cc508c475,experiments_results\E1\algorithms\formal_rolling_milp_h168_r24_t600s_cplex222_seeds_9000031-9000060_run03\seed_9000033\executed_actions.json,d4665cfcf3de1c58b8eb42d1ef2db8fb663d4f8cf15e6a3a2944fbb628c72e43
600,9000034,experiments_results\E1\algorithms\formal_rolling_milp_h168_r24_t600s_cplex222_seeds_9000031-9000060_run03\seed_9000034\smoke_summary.json,cd925b4ee845d59884df5e19c7ee4bad262ea1bcc08a4557e5a162795ad549d1,experiments_results\E1\algorithms\formal_rolling_milp_h168_r24_t600s_cplex222_seeds_9000031-9000060_run03\seed_9000034\executed_actions.json,7c20af6ab00d2793b13bac776e55e666b6d25c64f65f025fd0029a41a59a23f5
600,9000035,experiments_results\E1\algorithms\formal_rolling_milp_h168_r24_t600s_cplex222_seeds_9000031-9000060_run03\seed_9000035\smoke_summary.json,13bf3c287a4492a0ee8c942c9905874b25056fc2dadb5e9da4e1ef4a70ccc242,experiments_results\E1\algorithms\formal_rolling_milp_h168_r24_t600s_cplex222_seeds_9000031-9000060_run03\seed_9000035\executed_actions.json,de20093033c93bff3d53cf9d1171152eb44c5f6ca1352971073489e05641476b
600,9000036,experiments_results\E1\algorithms\formal_rolling_milp_h168_r24_t600s_cplex222_seeds_9000031-9000060_run03\seed_9000036\smoke_summary.json,58da68b29046a9863ef75b6c3c164bed7ab35ecbf28f7d279ebcc1b92f7c26e9,experiments_results\E1\algorithms\formal_rolling_milp_h168_r24_t600s_cplex222_seeds_9000031-9000060_run03\seed_9000036\executed_actions.json,a28285a3452eaa080064912acd790d100fffa20f6c956537d9770f0be496196e
600,9000037,experiments_results\E1\algorithms\formal_rolling_milp_h168_r24_t600s_cplex222_seeds_9000031-9000060_run03\seed_9000037\smoke_summary.json,0748c0889a10ec24e078c5d0f3475040b005204dbc7b295a1186cd8d835db3fa,experiments_results\E1\algorithms\formal_rolling_milp_h168_r24_t600s_cplex222_seeds_9000031-9000060_run03\seed_9000037\executed_actions.json,be81f59a118c61ee96b96f09ae428195b9957e891e7304214c1985d4f4e17087
600,9000038,experiments_results\E1\algorithms\formal_rolling_milp_h168_r24_t600s_cplex222_seeds_9000031-9000060_run03\seed_9000038\smoke_summary.json,590ef3e232cc8ecae81dbf15f0b2c1192e7e16a2a7d328b18b29bf4fafd30218,experiments_results\E1\algorithms\formal_rolling_milp_h168_r24_t600s_cplex222_seeds_9000031-9000060_run03\seed_9000038\executed_actions.json,88788bccb8997b4748e9043dffb01bd46258c1c515cb6537b40277218cf0157a
600,9000039,experiments_results\E1\algorithms\formal_rolling_milp_h168_r24_t600s_cplex222_seeds_9000031-9000060_run03\seed_9000039\smoke_summary.json,d500d6cf1aeb202ecdb1d5a4f3e10605ce8ce1aef0d970f39bae3923c5ac3ccb,experiments_results\E1\algorithms\formal_rolling_milp_h168_r24_t600s_cplex222_seeds_9000031-9000060_run03\seed_9000039\executed_actions.json,b646ed3862955dc3528d05ed916e287bf7dd789c4593cafd46d96a85a1f284cf
600,9000040,experiments_results\E1\algorithms\formal_rolling_milp_h168_r24_t600s_cplex222_seeds_9000031-9000060_run03\seed_9000040\smoke_summary.json,d6caa8ffeccba13c5b8d4341d2b3d9d89a0c8d3e9df70d1dcc779920df0c8994,experiments_results\E1\algorithms\formal_rolling_milp_h168_r24_t600s_cplex222_seeds_9000031-9000060_run03\seed_9000040\executed_actions.json,0a709a7b63a719f16a8fa816106c00fc93adc537617a0650acae53762908cd03
600,9000041,experiments_results\E1\algorithms\formal_rolling_milp_h168_r24_t600s_cplex222_seeds_9000031-9000060_run03\seed_9000041\smoke_summary.json,6969c5cdf30ee07d45da1e6e959e7d32016ffc44f71d9f3c9e1ad00cd1e6dcd2,experiments_results\E1\algorithms\formal_rolling_milp_h168_r24_t600s_cplex222_seeds_9000031-9000060_run03\seed_9000041\executed_actions.json,09a15a62f7e7f74ba82b2f60f649a9e3fd7faba353747bfe246e5a94d5f191d2
600,9000042,experiments_results\E1\algorithms\formal_rolling_milp_h168_r24_t600s_cplex222_seeds_9000031-9000060_run03\seed_9000042\smoke_summary.json,c33bc03b889803d552e1fe4430ddeaac4d06d81fc998c5fc485b69edf5e1728e,experiments_results\E1\algorithms\formal_rolling_milp_h168_r24_t600s_cplex222_seeds_9000031-9000060_run03\seed_9000042\executed_actions.json,56cc43c8d7315447344db5d6559dd1d77694324645c04847e33bbe7f815f75ee
600,9000043,experiments_results\E1\algorithms\formal_rolling_milp_h168_r24_t600s_cplex222_seeds_9000031-9000060_run03\seed_9000043\smoke_summary.json,0d7f30934b4f610aeed68636b7f8c9db53dde1c5050698a8757e47fbbb702437,experiments_results\E1\algorithms\formal_rolling_milp_h168_r24_t600s_cplex222_seeds_9000031-9000060_run03\seed_9000043\executed_actions.json,32479355e650e08206457f1efdbd2a4234a2c9284bf52b9cc6ac97929a3aba39
600,9000044,experiments_results\E1\algorithms\formal_rolling_milp_h168_r24_t600s_cplex222_seeds_9000031-9000060_run03\seed_9000044\smoke_summary.json,cdf7425781d4b261d97f7fa4a974562781eeddc27fee61f0aaf96f06bab4ee61,experiments_results\E1\algorithms\formal_rolling_milp_h168_r24_t600s_cplex222_seeds_9000031-9000060_run03\seed_9000044\executed_actions.json,d61167baad542d40c14bd30e9ab4071dab2d544bb5811c4c9bce4c136f63af45
600,9000045,experiments_results\E1\algorithms\formal_rolling_milp_h168_r24_t600s_cplex222_seeds_9000031-9000060_run03\seed_9000045\smoke_summary.json,71ce9e57eaffcd14ce8a997784e5b97d30eb3220821608f66773b541439f40ef,experiments_results\E1\algorithms\formal_rolling_milp_h168_r24_t600s_cplex222_seeds_9000031-9000060_run03\seed_9000045\executed_actions.json,b3783c7cd1536682b118039462e575afbea5776f011f2b3d6bfb730fcaa508bc
600,9000046,experiments_results\E1\algorithms\formal_rolling_milp_h168_r24_t600s_cplex222_seeds_9000031-9000060_run03\seed_9000046\smoke_summary.json,5e081a8a0e21eb3045a8d1baf663ce58a1db726cc19faa85cf15c8e6f6e309e0,experiments_results\E1\algorithms\formal_rolling_milp_h168_r24_t600s_cplex222_seeds_9000031-9000060_run03\seed_9000046\executed_actions.json,a2f0487b7a0acf61596e2b97efe315b9636c1abcf36921af6a33bdfdbedccdd5
600,9000047,experiments_results\E1\algorithms\formal_rolling_milp_h168_r24_t600s_cplex222_seeds_9000031-9000060_run03\seed_9000047\smoke_summary.json,ea3e17009abd2981b3c3c5299b01e8fbf7f9b7a64415977e58da8357639913df,experiments_results\E1\algorithms\formal_rolling_milp_h168_r24_t600s_cplex222_seeds_9000031-9000060_run03\seed_9000047\executed_actions.json,79e60754790bb8ba097c0d90839dc4cf538d804ee735bc343b4faaeb89fda696
600,9000048,experiments_results\E1\algorithms\formal_rolling_milp_h168_r24_t600s_cplex222_seeds_9000031-9000060_run03\seed_9000048\smoke_summary.json,2b79bea3cbe5f57988c23042bdcb9e78c4fefe117cc8b176458267c8b5b3de0c,experiments_results\E1\algorithms\formal_rolling_milp_h168_r24_t600s_cplex222_seeds_9000031-9000060_run03\seed_9000048\executed_actions.json,16cd4891c222e6a811746262cccf35d439fad64ea377c1cf89305922462ad37a
600,9000049,experiments_results\E1\algorithms\formal_rolling_milp_h168_r24_t600s_cplex222_seeds_9000031-9000060_run03\seed_9000049\smoke_summary.json,9cb95c6a1c8bba0020246f410d090c401431530c296c8f6291ff10190e05c4e7,experiments_results\E1\algorithms\formal_rolling_milp_h168_r24_t600s_cplex222_seeds_9000031-9000060_run03\seed_9000049\executed_actions.json,06080238ab627b0306df71812f19443a2c75e3db654ed2eec4d072774b1a0a75
600,9000050,experiments_results\E1\algorithms\formal_rolling_milp_h168_r24_t600s_cplex222_seeds_9000031-9000060_run03\seed_9000050\smoke_summary.json,cd9251d6826ad7aa07b8d7a5a3d8e31b0d1474799ac1d75cad89a7e03822eb5e,experiments_results\E1\algorithms\formal_rolling_milp_h168_r24_t600s_cplex222_seeds_9000031-9000060_run03\seed_9000050\executed_actions.json,fc871c354ff0ac4d74e4e75cccecdeb680d4b11b42253c5a10d922ec296c1401
600,9000051,experiments_results\E1\algorithms\formal_rolling_milp_h168_r24_t600s_cplex222_seeds_9000031-9000060_run03\seed_9000051\smoke_summary.json,10355e26f778594bff481bedb8363a5224e968e8a815348b26d9ba8dbf03c256,experiments_results\E1\algorithms\formal_rolling_milp_h168_r24_t600s_cplex222_seeds_9000031-9000060_run03\seed_9000051\executed_actions.json,0d44ec450bb8041edb9dfbbcc0eb500761dd19ea6206702a6a16b5ae8ba237dd
600,9000052,experiments_results\E1\algorithms\formal_rolling_milp_h168_r24_t600s_cplex222_seeds_9000031-9000060_run03\seed_9000052\smoke_summary.json,ea549208cdd1a98aa52558971b4697e02f82753099bc013cb847d4bb93e3e702,experiments_results\E1\algorithms\formal_rolling_milp_h168_r24_t600s_cplex222_seeds_9000031-9000060_run03\seed_9000052\executed_actions.json,6d5c703b582659f727f71edf91899270049187f5570790a9061546e95bbb1db3
600,9000053,experiments_results\E1\algorithms\formal_rolling_milp_h168_r24_t600s_cplex222_seeds_9000031-9000060_run03\seed_9000053\smoke_summary.json,5b4468f94f9acb4863321345402fa181d7f5db7eb14b93cfefd161ff18017b28,experiments_results\E1\algorithms\formal_rolling_milp_h168_r24_t600s_cplex222_seeds_9000031-9000060_run03\seed_9000053\executed_actions.json,4c64967d165099463956e4d42cbfb843b890a74a50e868f5542f3ba2db1c062e
600,9000054,experiments_results\E1\algorithms\formal_rolling_milp_h168_r24_t600s_cplex222_seeds_9000031-9000060_run03\seed_9000054\smoke_summary.json,eb324cce4b48b642be98301692941169e7729e6d86a9366cd4065cd6a9146d07,experiments_results\E1\algorithms\formal_rolling_milp_h168_r24_t600s_cplex222_seeds_9000031-9000060_run03\seed_9000054\executed_actions.json,eb7303ba8d1c5ff0e57a04ce45ced847204c9eb3c065a2ed8e9403a25b885309
600,9000055,experiments_results\E1\algorithms\formal_rolling_milp_h168_r24_t600s_cplex222_seeds_9000031-9000060_run03\seed_9000055\smoke_summary.json,43129721ece53191108b6b57ea4745c4be34dc93678fdee9050c1519d2f94a80,experiments_results\E1\algorithms\formal_rolling_milp_h168_r24_t600s_cplex222_seeds_9000031-9000060_run03\seed_9000055\executed_actions.json,cdcc4d0c5e942b2871536014961b34c10bd5967cf25779f07d6a71913a3a8abd
600,9000056,experiments_results\E1\algorithms\formal_rolling_milp_h168_r24_t600s_cplex222_seeds_9000031-9000060_run03\seed_9000056\smoke_summary.json,d1e58a213aab7e5d6a612b95f3d95db5d949dffe9c5debf7a1a8b1a9a3ad1b50,experiments_results\E1\algorithms\formal_rolling_milp_h168_r24_t600s_cplex222_seeds_9000031-9000060_run03\seed_9000056\executed_actions.json,dcd4507759053eff220a4453b7263a86985254f176498be7e7114168c02ffece
600,9000057,experiments_results\E1\algorithms\formal_rolling_milp_h168_r24_t600s_cplex222_seeds_9000031-9000060_run03\seed_9000057\smoke_summary.json,c848c44e92deb3bd4ee2f178da3af25843dbc44bbc439d4d16bd36dd7630d090,experiments_results\E1\algorithms\formal_rolling_milp_h168_r24_t600s_cplex222_seeds_9000031-9000060_run03\seed_9000057\executed_actions.json,079ad9545d95ceee3784ca71da2b3fb8f5f391ccc2206f880d77603fff0caa15
600,9000058,experiments_results\E1\algorithms\formal_rolling_milp_h168_r24_t600s_cplex222_seeds_9000031-9000060_run03\seed_9000058\smoke_summary.json,37d8c7ebaca32ba971467235af78ad1d66b09ea2e166b245e9602be4a190657b,experiments_results\E1\algorithms\formal_rolling_milp_h168_r24_t600s_cplex222_seeds_9000031-9000060_run03\seed_9000058\executed_actions.json,ae2806a886ceb9c2012faf6ec9e5672c29333998da8e727e92c8d23c138feae9
600,9000059,experiments_results\E1\algorithms\formal_rolling_milp_h168_r24_t600s_cplex222_seeds_9000031-9000060_run03\seed_9000059\smoke_summary.json,08b1341396224f9064ec1985c3a6374cd61118fe5217dd6d14501d1f0f4da90c,experiments_results\E1\algorithms\formal_rolling_milp_h168_r24_t600s_cplex222_seeds_9000031-9000060_run03\seed_9000059\executed_actions.json,6fcd63ada25511aea4530489172476a91b5fc58371a22cd46322ea9be4c1157e
600,9000060,experiments_results\E1\algorithms\formal_rolling_milp_h168_r24_t600s_cplex222_seeds_9000031-9000060_run03\seed_9000060\smoke_summary.json,b5e687c5a1d4e6bc518daa7005a4103699893b4758153fef809b0d639da6b70d,experiments_results\E1\algorithms\formal_rolling_milp_h168_r24_t600s_cplex222_seeds_9000031-9000060_run03\seed_9000060\executed_actions.json,ec778163c9d83769ccff8d9263113836e81bbd6cd823a74ddd19086d39936dc5
1200,9000031,experiments_results\E1\algorithms\ablation_rolling_milp_h168_r24_t1200s_cplex222_seeds_9000031-9000060_run01\seed_9000031\smoke_summary.json,ef8627fd73bfd479387549fd81d260b4c2c05235ab67d58b1e0d2cb8317da10e,experiments_results\E1\algorithms\ablation_rolling_milp_h168_r24_t1200s_cplex222_seeds_9000031-9000060_run01\seed_9000031\executed_actions.json,1cb6118c5d2eb166a71a63ec543575ce092c42b744378fac54aabd82c67bea35
1200,9000032,experiments_results\E1\algorithms\ablation_rolling_milp_h168_r24_t1200s_cplex222_seeds_9000031-9000060_run01\seed_9000032\smoke_summary.json,56e0b14a36c2893c8f9d0d2cde55bf6a88778fa5ad95a918d99426476d8419af,experiments_results\E1\algorithms\ablation_rolling_milp_h168_r24_t1200s_cplex222_seeds_9000031-9000060_run01\seed_9000032\executed_actions.json,b0db2d3329f79d68e229cc28a26575bfc938f13e6c3e2f635f5e89b900f0c077
1200,9000033,experiments_results\E1\algorithms\ablation_rolling_milp_h168_r24_t1200s_cplex222_seeds_9000031-9000060_run01\seed_9000033\smoke_summary.json,ab4722c8ec9335c0d986b55440b51fa5587cbf0fe8dd4b9abe868f189c1cd88f,experiments_results\E1\algorithms\ablation_rolling_milp_h168_r24_t1200s_cplex222_seeds_9000031-9000060_run01\seed_9000033\executed_actions.json,ee839b7946d94f175c787ebe25ff679f561d97649a5c82d2785795a86b4bf0a0
1200,9000034,experiments_results\E1\algorithms\ablation_rolling_milp_h168_r24_t1200s_cplex222_seeds_9000031-9000060_run01\seed_9000034\smoke_summary.json,6bcb37a1aec1679a20ec239e2ca53eeb9d19ccead018a1dcc96068aa8261aa91,experiments_results\E1\algorithms\ablation_rolling_milp_h168_r24_t1200s_cplex222_seeds_9000031-9000060_run01\seed_9000034\executed_actions.json,9ea05c869978f294fbc8c36bc060c3cfeec9caa55332d3aed8efd0deb17b59a6
1200,9000035,experiments_results\E1\algorithms\ablation_rolling_milp_h168_r24_t1200s_cplex222_seeds_9000031-9000060_run01\seed_9000035\smoke_summary.json,ab49b2bb70b807794796c4a92e777122d28c70017f22aff9379bb8eff5554736,experiments_results\E1\algorithms\ablation_rolling_milp_h168_r24_t1200s_cplex222_seeds_9000031-9000060_run01\seed_9000035\executed_actions.json,a1ec906dac074a3c4cf181ce6c01a16a40baa71fe936909cf7c6e5eaa8f2c0cf
1200,9000036,experiments_results\E1\algorithms\ablation_rolling_milp_h168_r24_t1200s_cplex222_seeds_9000031-9000060_run01\seed_9000036\smoke_summary.json,aa02a2b1e19d97a2223bd677c931d99db4ec0a27441eceb6523d4bc7c7ef67e5,experiments_results\E1\algorithms\ablation_rolling_milp_h168_r24_t1200s_cplex222_seeds_9000031-9000060_run01\seed_9000036\executed_actions.json,51fdbda03ab64e31575412e5ebd7417c98e295786b3b03b8e2c6ddcd0cda4545
1200,9000037,experiments_results\E1\algorithms\ablation_rolling_milp_h168_r24_t1200s_cplex222_seeds_9000031-9000060_run01\seed_9000037\smoke_summary.json,e3d3705d765a3fef835d17f4a42ba9e760beceef50be540ae59184c4ed258ad2,experiments_results\E1\algorithms\ablation_rolling_milp_h168_r24_t1200s_cplex222_seeds_9000031-9000060_run01\seed_9000037\executed_actions.json,37a8e686fc0841e06fb06bd6b8942ea3cb1cb0bd41c8a03dd4113b08ea53dab1
1200,9000038,experiments_results\E1\algorithms\ablation_rolling_milp_h168_r24_t1200s_cplex222_seeds_9000031-9000060_run01\seed_9000038\smoke_summary.json,65abc0dfb7db321764b37761da227978bcdba5e04104f229e467a1ce206b8695,experiments_results\E1\algorithms\ablation_rolling_milp_h168_r24_t1200s_cplex222_seeds_9000031-9000060_run01\seed_9000038\executed_actions.json,b44121471b08ac90dcbd6cada8c8a3c2b25365bfc75f83775ce3325f10089c83
1200,9000039,experiments_results\E1\algorithms\ablation_rolling_milp_h168_r24_t1200s_cplex222_seeds_9000031-9000060_run01\seed_9000039\smoke_summary.json,d7f3f35d59f34e24dfa99269abc7ae4be315aea1ede351f4011480457a478adf,experiments_results\E1\algorithms\ablation_rolling_milp_h168_r24_t1200s_cplex222_seeds_9000031-9000060_run01\seed_9000039\executed_actions.json,3c019430c085922b5f964bc3aa436d40e494edbc51afec494f78e2efeaecf7c2
1200,9000040,experiments_results\E1\algorithms\ablation_rolling_milp_h168_r24_t1200s_cplex222_seeds_9000031-9000060_run01\seed_9000040\smoke_summary.json,8b10f911f997768f219b4000d86bd40cb79305af85a76ac069f9a4ffce119de7,experiments_results\E1\algorithms\ablation_rolling_milp_h168_r24_t1200s_cplex222_seeds_9000031-9000060_run01\seed_9000040\executed_actions.json,26c334d87b846729a7303def0e71449223ae870bd50ff6a3485924a4aa29ce50
1200,9000041,experiments_results\E1\algorithms\ablation_rolling_milp_h168_r24_t1200s_cplex222_seeds_9000031-9000060_run01\seed_9000041\smoke_summary.json,10a98f79aa6111c5977889b9e8d859a7f70b3d8f7d4615a2f2a3b24c18ed0848,experiments_results\E1\algorithms\ablation_rolling_milp_h168_r24_t1200s_cplex222_seeds_9000031-9000060_run01\seed_9000041\executed_actions.json,9ec6270321cbfa5d6f20f97f6b7a382e832ac6073a2c810faddcbcf93370390b
1200,9000042,experiments_results\E1\algorithms\ablation_rolling_milp_h168_r24_t1200s_cplex222_seeds_9000031-9000060_run01\seed_9000042\smoke_summary.json,c43984d34e6d9faa072a8459628b6b6d76b1ac82cbf91381b844390afcd09d02,experiments_results\E1\algorithms\ablation_rolling_milp_h168_r24_t1200s_cplex222_seeds_9000031-9000060_run01\seed_9000042\executed_actions.json,bce371b3d84e29e1cd9dd4c2e1a26ec7d7143c4412d8659ff936fc5b89446eac
1200,9000043,experiments_results\E1\algorithms\ablation_rolling_milp_h168_r24_t1200s_cplex222_seeds_9000031-9000060_run01\seed_9000043\smoke_summary.json,4dc7d1ad08f8d0bf07334d58e97461106995e02a55dfc16668d9111f4b74e9a9,experiments_results\E1\algorithms\ablation_rolling_milp_h168_r24_t1200s_cplex222_seeds_9000031-9000060_run01\seed_9000043\executed_actions.json,1c652ef43a22b4ba3a1260ea5dac1c3c3d863fae91125d4cb60e51b40a09571d
1200,9000044,experiments_results\E1\algorithms\ablation_rolling_milp_h168_r24_t1200s_cplex222_seeds_9000031-9000060_run01\seed_9000044\smoke_summary.json,bc75d92b6d1562b91673649d023e0eccb051acece3d74f404100470244805659,experiments_results\E1\algorithms\ablation_rolling_milp_h168_r24_t1200s_cplex222_seeds_9000031-9000060_run01\seed_9000044\executed_actions.json,337e6b54f34e23cafc6748499aa2c88ca346862ce1aafdeb2752ddf9f89e0a86
1200,9000045,experiments_results\E1\algorithms\ablation_rolling_milp_h168_r24_t1200s_cplex222_seeds_9000031-9000060_run01\seed_9000045\smoke_summary.json,292d245cff1fef56908933a72adc996415bcce4c5d6d526aeb0ffbc54abafb25,experiments_results\E1\algorithms\ablation_rolling_milp_h168_r24_t1200s_cplex222_seeds_9000031-9000060_run01\seed_9000045\executed_actions.json,bfcaeb2a742f2c042d1361e71cb7a143455b05012a93a6bc3668baeef9890252
1200,9000046,experiments_results\E1\algorithms\ablation_rolling_milp_h168_r24_t1200s_cplex222_seeds_9000031-9000060_run01\seed_9000046\smoke_summary.json,438170da569c846463c2a8e7289ed1f9f0199e40e404d3001a5ffb5f8613c0af,experiments_results\E1\algorithms\ablation_rolling_milp_h168_r24_t1200s_cplex222_seeds_9000031-9000060_run01\seed_9000046\executed_actions.json,e511dbb8fba426a30d574c87bcd7bdaa3db9ad223208dbf67d26d92e9bf4e556
1200,9000047,experiments_results\E1\algorithms\ablation_rolling_milp_h168_r24_t1200s_cplex222_seeds_9000031-9000060_run01\seed_9000047\smoke_summary.json,d13631f21edb9e424301323cfe937437ec74dd1358377fb91a8d53b10214e662,experiments_results\E1\algorithms\ablation_rolling_milp_h168_r24_t1200s_cplex222_seeds_9000031-9000060_run01\seed_9000047\executed_actions.json,51d6303b4d3006641bb73ba62591eb7c3f14ec1c55f73fecde7159d64b282749
1200,9000048,experiments_results\E1\algorithms\ablation_rolling_milp_h168_r24_t1200s_cplex222_seeds_9000031-9000060_run01\seed_9000048\smoke_summary.json,f1f7e5e364e8f28bffa8786aa20719f39379f52521485e95e23d7b9955915083,experiments_results\E1\algorithms\ablation_rolling_milp_h168_r24_t1200s_cplex222_seeds_9000031-9000060_run01\seed_9000048\executed_actions.json,dd95eb503ca63a6e0ba6af99c272b7193b464546ec94084dbf8ad16c5b8ce373
1200,9000049,experiments_results\E1\algorithms\ablation_rolling_milp_h168_r24_t1200s_cplex222_seeds_9000031-9000060_run01\seed_9000049\smoke_summary.json,b2091a1775d008c3501a57d68c706bdefac5550d5be003dcb50edfb714b4ac58,experiments_results\E1\algorithms\ablation_rolling_milp_h168_r24_t1200s_cplex222_seeds_9000031-9000060_run01\seed_9000049\executed_actions.json,4cb2f854552619a0c16f9d9b24a208b8242b47c7e4cb572b8c395d80e079fcce
1200,9000050,experiments_results\E1\algorithms\ablation_rolling_milp_h168_r24_t1200s_cplex222_seeds_9000031-9000060_run01\seed_9000050\smoke_summary.json,12c17fb48422f2b2a683a411ea2e37c490cb9080ff00d8e14f96f93946b39494,experiments_results\E1\algorithms\ablation_rolling_milp_h168_r24_t1200s_cplex222_seeds_9000031-9000060_run01\seed_9000050\executed_actions.json,2c520cab45d6d55e901a4208cf18f2dde1e4406f6f8377e7c85a716550ed9789
1200,9000051,experiments_results\E1\algorithms\ablation_rolling_milp_h168_r24_t1200s_cplex222_seeds_9000031-9000060_run01\seed_9000051\smoke_summary.json,1e50df094afc1c613f29fb9a4a0e9331fb7c437f57d0075db854703f645e56ff,experiments_results\E1\algorithms\ablation_rolling_milp_h168_r24_t1200s_cplex222_seeds_9000031-9000060_run01\seed_9000051\executed_actions.json,98f9df574cb25104f6829b2627389735e59d06873989ef47be56797533628bc9
1200,9000052,experiments_results\E1\algorithms\ablation_rolling_milp_h168_r24_t1200s_cplex222_seeds_9000031-9000060_run01\seed_9000052\smoke_summary.json,91bb35f4dbea32b22f6b425205094eaaa0187a449ea5386a32077ba057eaa6c9,experiments_results\E1\algorithms\ablation_rolling_milp_h168_r24_t1200s_cplex222_seeds_9000031-9000060_run01\seed_9000052\executed_actions.json,533b930986bbf1ae542a566a4a26471f71d10b8a7d56de29f1b05339a41748fd
1200,9000053,experiments_results\E1\algorithms\ablation_rolling_milp_h168_r24_t1200s_cplex222_seeds_9000031-9000060_run01\seed_9000053\smoke_summary.json,232f2a9f6cde3b0a2d79cb2abdbd0d6c3b150e90d065946cb93529c879ce7e19,experiments_results\E1\algorithms\ablation_rolling_milp_h168_r24_t1200s_cplex222_seeds_9000031-9000060_run01\seed_9000053\executed_actions.json,f0888be65e6ae637ab9c58642e50115c409bef259bdc9ad159eb6377e5496a90
1200,9000054,experiments_results\E1\algorithms\ablation_rolling_milp_h168_r24_t1200s_cplex222_seeds_9000031-9000060_run01\seed_9000054\smoke_summary.json,49fce0130a850576c9e9718d16b6b2affeebc7822396f0654a145eb3663b13bf,experiments_results\E1\algorithms\ablation_rolling_milp_h168_r24_t1200s_cplex222_seeds_9000031-9000060_run01\seed_9000054\executed_actions.json,f71d47d118d3e64fee2c653c8d36209b49819fc7bfc7aeee1a0bd0fae05d4d82
1200,9000055,experiments_results\E1\algorithms\ablation_rolling_milp_h168_r24_t1200s_cplex222_seeds_9000031-9000060_run01\seed_9000055\smoke_summary.json,c6adb234ac43aea448edc6d26527ce31e3f654297f5401f2cafb8992e2bceafe,experiments_results\E1\algorithms\ablation_rolling_milp_h168_r24_t1200s_cplex222_seeds_9000031-9000060_run01\seed_9000055\executed_actions.json,a92ab8cd6debfbd7d74837a23d3fe2eec751bdc75f8ca9b07c2096ec837d9604
1200,9000056,experiments_results\E1\algorithms\ablation_rolling_milp_h168_r24_t1200s_cplex222_seeds_9000031-9000060_run01\seed_9000056\smoke_summary.json,78bb074a97f44c645e5290446bc20116f7f3d72910079e9c1b12b872dc27a0f5,experiments_results\E1\algorithms\ablation_rolling_milp_h168_r24_t1200s_cplex222_seeds_9000031-9000060_run01\seed_9000056\executed_actions.json,b1d2cf096dcc6e062da5a015ad0b049a6e09167f39afb1535738d468ad579a63
1200,9000057,experiments_results\E1\algorithms\ablation_rolling_milp_h168_r24_t1200s_cplex222_seeds_9000031-9000060_run01\seed_9000057\smoke_summary.json,01d8c0fdc7a67031c78a3b5c2dc355c4ff4345b57ccec9427de4272417051d49,experiments_results\E1\algorithms\ablation_rolling_milp_h168_r24_t1200s_cplex222_seeds_9000031-9000060_run01\seed_9000057\executed_actions.json,41b4b04d0b378d6cdcd3ff5b963fa5c1ee2f3402cb98bb62128ebb3a0b4d1645
1200,9000058,experiments_results\E1\algorithms\ablation_rolling_milp_h168_r24_t1200s_cplex222_seeds_9000031-9000060_run01\seed_9000058\smoke_summary.json,e4bde592381e1b172c0eeea1107eed28ddffd2e8e97f32b3be3165a57d33bd36,experiments_results\E1\algorithms\ablation_rolling_milp_h168_r24_t1200s_cplex222_seeds_9000031-9000060_run01\seed_9000058\executed_actions.json,4955a4e700eef01f0d909386d2b2080b922a9ddb736629c701a015aa535b69f3
1200,9000059,experiments_results\E1\algorithms\ablation_rolling_milp_h168_r24_t1200s_cplex222_seeds_9000031-9000060_run01\seed_9000059\smoke_summary.json,bc80bb1012ae9a3dce20f6d24627cd90ba2207a0da2ecf3e13e149e256a7c10c,experiments_results\E1\algorithms\ablation_rolling_milp_h168_r24_t1200s_cplex222_seeds_9000031-9000060_run01\seed_9000059\executed_actions.json,5523e52c52fcbcc2161a84210d503ab97e6fca226b4be97f6279a07671b6895b
1200,9000060,experiments_results\E1\algorithms\ablation_rolling_milp_h168_r24_t1200s_cplex222_seeds_9000031-9000060_run01\seed_9000060\smoke_summary.json,a31421de07e70e5ed9138d3297ebeb32d3c9b9b35fc9c0571a9ba090257a04e3,experiments_results\E1\algorithms\ablation_rolling_milp_h168_r24_t1200s_cplex222_seeds_9000031-9000060_run01\seed_9000060\executed_actions.json,428f7bf5a162d7011dbfb8370e549a8df220555918a3495272cc95b4d72994a5
