horizon_hours,storage_target_rate,elapsed_hours,captured_t,stored_t,vented_t,in_transit_t,in_transit_growth_t,emitter_inventory_t,vessel_inventory_t,terminal_inventory_t,loss_rate,storage_rate,annual_storage_gap_t,vessel_fuel,conditioning,reconditioning,loading,unloading,operating_cost,vent_penalty,storage_shortfall_penalty,total_cost,net,cost_per_stored_t,total_cost_per_stored_t,vessel_sailing_hours,vessel_waiting_hours,vessel_loading_hours,vessel_unloading_hours,loaded_t,unloaded_t,throttle_hours,well_switch_count,berth_wait_vessel_hours,pressure_risk_hours,min_pressure_margin_fraction,longest_venting_streak_hours,total_reward,controller,seed,wall_clock_seconds,controller_decision_calls,simulator_step_calls,simulator_simulated_hours,simulator_hour_steps,episode_operating_cost,episode_total_cost,terminal_cleanup_operating_cost,terminal_cleanup_included,evaluation_role,online_comparable,run_status,error_type,error_message,executed_action_count
720.0,0.9,720.0,134043.80710806392,114469.71188364139,6240.861480952415,26015.56657680216,13333.23374347014,12567.390219370207,11864.207519387437,1583.9688380445173,0.04655837233809045,0.8539724016593903,6169.714513616142,509791.9200000052,991296.1028016104,46932.58187229298,3869.4774345292985,3507.322500000005,1793748.4325211272,499268.9184761926,0.0,2293017.35099732,-2054666.3230846303,15.670070300731384,20.03165128368782,1228.0000000000127,629.9197406007528,158.45525939923422,143.62500000000026,126764.20751938733,114899.99999999999,245,21,22,0,0.6480808993772382,54,-2054.666323084622,greedy,9000031,1.5100473589263856,720,720,720.0,720.0,1555397.4046084378,2054666.3230846303,238351.0279126895,True,online_controller,True,completed,,,720
720.0,0.9,720.0,118765.80374023803,100608.4832397591,1844.963500955279,22444.94653335727,16312.356999523665,10169.29927090446,6586.9424761883265,5688.704786264483,0.015534467353839855,0.847116594771739,6280.74012645513,523906.68000000407,872609.8901637925,41249.47812830116,3406.191419085648,3205.125000000004,1618614.1752287955,147597.08007642228,0.0,1766211.2553052178,-1591974.444787606,16.08824746290521,17.555291546302083,1262.0000000000098,627.2663219047546,139.4836780952354,131.2500000000002,111586.94247618841,105000.00000000001,356,21,20,0,0.899237357670487,32,-1591.9744447875971,greedy,9000032,0.5683065592311323,720,720,720.0,720.0,1444377.3647111836,1591974.444787606,174236.81051761188,True,online_controller,True,completed,,,720
720.0,0.9,720.0,127077.96740974124,105135.0145055005,4789.393867697877,25021.99348348125,17153.559036542803,10744.603981752318,14277.389501728929,0.0,0.03768862506476275,0.8273268501888339,9235.156163266613,533870.0400000046,932749.1859035201,43105.35594725522,3640.942314540279,3205.125000000006,1724447.1850196442,383151.50941582996,0.0,2107598.694435474,-1899722.15858115,16.402215695033018,20.04659155989566,1286.0000000000111,593.6532631228272,149.09673687716133,131.25000000000028,119277.38950172885,104999.99999999999,309,22,33,0,0.7805838019386624,77,-1899.7221585811435,greedy,9000033,1.0298470268025994,720,720,720.0,720.0,1516570.64916532,1899722.15858115,207876.53585432417,True,online_controller,True,completed,,,720
720.0,0.9,720.0,123422.0995854394,104726.69614121088,3275.0584930897367,22486.112015815197,15420.344951138795,9944.9863028194,12193.787756275597,347.3379567202031,0.02653543007362766,0.8485246685397168,6353.193485684576,508546.50000000285,916455.4202540746,42937.94541789649,3577.340371260317,3205.125000000005,1673948.3066427277,262004.67944717887,0.0,1935952.9860899067,-1736727.0104904133,15.983969401513606,18.485763968716398,1225.0000000000068,657.2577653046483,146.4922346953447,131.25000000000023,117193.78775627555,105000.0,299,15,31,0,0.8115020510007411,63,-1736.727010490411,greedy,9000034,1.051309647038579,720,720,720.0,720.0,1474722.3310432343,1736727.0104904133,199225.9755994933,True,online_controller,True,completed,,,720
720.0,0.9,720.0,116933.45658342756,109085.56940329901,3536.5342797446087,16227.208449663642,4311.352900383919,8092.8951564421295,8134.313293221513,0.0,0.030243989898831276,0.9328858702254357,0.0,484053.24000000494,884710.3299529921,44725.083455352586,3453.4249132755917,3205.125000000004,1602086.6900732708,282922.74237956875,0.0,1885009.4324528396,-1703069.945701194,14.686513521785951,17.280098942178068,1166.0000000000118,721.3321083834608,141.41789161652713,131.2500000000002,113134.31329322145,105000.0,313,24,20,0,0.7635828140231457,87,-1703.0699457011872,greedy,9000035,1.0866180039010942,720,720,720.0,720.0,1420147.2033216252,1703069.945701194,181939.4867516455,True,online_controller,True,completed,,,720
720.0,0.9,720.0,124518.9993117014,81137.24365784733,25697.976964565867,27594.037366646575,17683.77868928836,12431.188791365501,11996.951770757942,3165.8968045231336,0.20637795924008007,0.6516053301612313,30929.855722683933,508131.36000000505,717852.1628473271,33266.2698997174,2802.1019528023844,2435.8950000000013,1477923.372397434,2055838.1571652698,0.0,3533761.529562704,-3320325.946865122,18.215104504039854,43.552891006064264,1224.0000000000123,721.5038102865402,114.74618971344738,99.75000000000007,91796.95177075797,79800.00000000001,411,17,37,0,0.6666217507878639,411,-3320.325946865121,greedy,9000036,0.9837726186960936,720,720,720.0,720.0,1264487.7896998518,3320325.946865122,213435.5826975821,True,online_controller,True,completed,,,720
720.0,0.9,720.0,121647.55872136065,113556.80536003655,4271.358815318033,19408.551328706715,3819.3945460055547,4638.199083564925,13517.951013990885,1252.4012311509066,0.03511257324203092,0.9334902118351891,0.0,495677.16000000644,985460.3769294086,46558.290197615104,3846.6979547020733,3434.0625000000045,1658777.207969235,341708.7052254426,0.0,2000485.9131946776,-1876685.2928071746,14.607466304727517,17.6166096505802,1194.0000000000155,667.8525612324956,157.5224387674887,140.62500000000023,126017.95101399091,112500.0,307,25,24,0,0.946889182218631,66,-1876.6852928071698,greedy,9000037,0.38356243213638663,720,720,720.0,720.0,1534976.587581732,1876685.2928071746,123800.62038750286,True,online_controller,True,completed,,,720
720.0,0.9,720.0,128369.72617542402,115107.19434814701,2408.9084384230837,21232.88376870491,10853.62338885395,14203.136422170388,7029.747346534523,0.0,0.018765393603248658,0.8966848943094803,425.5592097346089,532209.4800000057,934722.6242499,47193.94968274025,3648.6455377529687,3434.062500000004,1727583.29565259,192712.67507384662,0.0,1920295.9707264367,-1713921.4370442457,15.008473670441786,16.68267549740126,1282.0000000000136,587.9628158168179,149.41218418316828,140.6250000000002,119529.74734653454,112500.0,251,28,15,0,0.7238653831945316,51,-1713.9214370442392,greedy,9000038,1.3666203496977687,720,720,720.0,720.0,1521208.761970399,1713921.4370442457,206374.53368219113,True,online_controller,True,completed,,,720
720.0,0.9,720.0,125712.08383662622,89834.86331241042,9394.08788331157,36419.692358781984,26483.13264090442,21482.830192525413,13921.08039820504,1015.7817680515317,0.0747270079105522,0.7146080199351292,23306.012140553168,500658.8400000053,812662.8487139633,36832.2939580883,3172.190979155211,2747.2500000000027,1686036.6973864988,751527.0306649255,0.0,2437563.728051424,-2107600.454316138,18.768177912433888,27.13382798362517,1206.000000000013,711.5986495022305,129.90135049775643,112.50000000000014,103921.08039820504,90000.00000000001,383,17,17,0,0.6962801572089734,135,-2107.60045431613,greedy,9000039,1.1793479439802468,720,720,720.0,720.0,1356073.4236512124,2107600.454316138,329963.2737352864,True,online_controller,True,completed,,,720
720.0,0.9,720.0,128417.59580770151,97763.03502118237,13665.115766254208,23881.849506502353,16989.44502026486,8335.97560412836,13626.684223221406,1919.1896791525894,0.1064115527183439,0.7612900273228701,17812.801205748998,419291.40000000526,869010.670625592,40082.84435868473,3392.142035913834,2976.1875000000036,1523990.2178885653,1093209.2613003359,0.0,2617199.479188901,-2427962.5058205314,15.588614015086188,26.770849315611272,1010.0000000000127,889.2166447209602,138.9083552790268,121.87500000000017,111126.68422322134,97500.0,348,19,24,0,0.761913810122345,169,-2427.9625058205233,greedy,9000040,0.936006756965071,720,720,720.0,720.0,1334753.2445201958,2427962.5058205314,189236.97336836957,True,online_controller,True,completed,,,720
720.0,0.9,720.0,125444.62651394652,105778.5088564841,4000.7591781787564,25429.161118556698,15665.35847928386,11396.004287471696,14033.156831085002,0.0,0.03189263095086791,0.8432286961667823,7121.655006067769,548399.9400000061,930839.2864190845,43369.18863115846,3633.487112268872,3205.1250000000036,1765449.464924167,320060.7342543004,0.0,2085510.1991784673,-1849507.7614168185,16.690058160296584,19.71582150026336,1321.0000000000148,558.9585539611287,148.79144603885638,131.25000000000017,119033.15683108504,105000.0,299,24,23,0,0.6683336120607613,76,-1849.5077614168094,greedy,9000041,1.3982615871354938,720,720,720.0,720.0,1529447.0271625181,1849507.7614168185,236002.43776164885,True,online_controller,True,completed,,,720
720.0,0.9,720.0,122590.33961068436,84584.10356355288,15319.326463527254,30180.804362768733,22686.909583604283,15180.804362768733,15000.0,0.0,0.12496356982269179,0.6899736458204653,25747.202086063044,435481.8600000025,762450.0,34679.482461056614,2976.187500000002,2518.312500000003,1487648.0054710768,1225546.1170821812,0.0,2713194.122553258,-2463651.9595432403,17.587796557462145,32.076879794732115,1049.0000000000061,885.9999999999936,121.8750000000001,103.12500000000016,97499.99999999999,82500.00000000001,388,18,18,0,0.7911222548324633,253,-2463.651959543234,greedy,9000042,0.7459054477512836,720,720,720.0,720.0,1238105.842461059,2463651.9595432403,249542.1630100177,True,online_controller,True,completed,,,720
720.0,0.9,720.0,122999.51700733569,96818.52510115394,8100.662419000601,27703.718947908965,18080.32948718114,15000.0,8913.367803788336,3790.3511441206283,0.06585930267122495,0.7871455714365097,13881.040205448182,539266.8600000045,832152.5362256246,39695.59529147315,3248.26805221064,2976.187500000004,1663425.0023901663,648052.9935200483,0.0,2311477.9959102147,-2065392.4405893614,17.180854600421306,23.874335965097917,1299.000000000011,606.1082902452533,133.01670975473547,121.8750000000002,106413.3678037884,97500.0,355,17,25,0,0.8737572640988686,111,-2065.392440589351,greedy,9000043,0.6833653273060918,720,720,720.0,720.0,1417339.447069313,2065392.4405893614,246085.5553208533,True,online_controller,True,completed,,,720
720.0,0.9,720.0,129859.10158151455,115731.28342453578,0.0,23904.743190000743,14127.818156978656,11340.528514107189,12564.214675893552,0.0,0.0,0.8912065616893975,1141.9079988273152,521830.9800000049,978002.1587654875,47449.82620405974,3817.5851529816537,3434.062500000005,1749991.6922290896,0.0,0.0,1749991.6922290896,-1554534.6126225337,15.121163789479587,15.121163789479587,1257.0000000000118,606.0447316551208,156.3302683448671,140.62500000000023,125064.2146758935,112500.00000000001,300,20,36,0,0.9305194535462772,0,-1554.5346126225247,greedy,9000044,0.6290528941899538,720,720,720.0,720.0,1554534.6126225337,1554534.6126225337,195457.0796065558,True,online_controller,True,completed,,,720
720.0,0.9,720.0,125440.6630420947,99542.0035538456,8535.053965914734,25981.151942375793,17363.605522334445,11786.709850849698,10560.718267643457,3633.723823882638,0.06804056801780924,0.7935385634915038,13354.593184039637,469523.34000000684,888826.8168529716,40812.22145707662,3469.493425119818,3147.1275000000046,1673625.5871132507,682804.3172731792,0.0,2356429.90438643,-2088583.3165083542,16.81326000443552,23.67271925676841,1131.0000000000166,758.0491021654287,142.0758978345544,128.87500000000023,113660.71826764355,103100.00000000003,359,19,18,0,0.785153555788927,113,-2088.583316508349,greedy,9000045,0.9614300518296659,720,720,720.0,720.0,1405778.9992351749,2088583.3165083542,267846.58787807595,True,online_controller,True,completed,,,720
720.0,0.9,720.0,132406.07380064274,124463.61990029803,2082.7015861596574,20526.489262395968,5859.752314184912,9624.946301442664,10901.542960953306,0.0,0.015729652925858054,0.9400144293055372,0.0,510207.06000000477,1023650.0659546552,51030.084159122234,3995.7695988831024,3663.000000000005,1784670.5529580715,166616.12689277253,0.0,1951286.679850844,-1759162.1066054378,14.338893199375748,15.677566516335682,1229.0000000000116,617.3730712987964,163.6269287011918,150.00000000000023,130901.54296095332,120000.0,237,28,16,0,0.8718713734008281,27,-1759.1621066054327,greedy,9000046,0.8664640090428293,720,720,720.0,720.0,1592545.9797126653,1759162.1066054378,192124.57324540615,True,online_controller,True,completed,,,720
720.0,0.9,720.0,128277.74695956499,116042.59673840055,439.94129301342485,24544.461570605778,11795.208928151007,8539.40844795031,16005.053122655467,0.0,0.0034295994702191078,0.9046198540965867,0.0,550475.6400000058,1004909.5154191663,47577.4646627442,3922.616746569061,3434.062500000005,1796106.987766258,35195.30344107398,0.0,1831302.291207332,-1645514.6027695595,15.47799720317612,15.781293616995745,1326.000000000014,532.7436835966662,160.6313164033195,140.62500000000023,128505.05312265549,112500.0,277,24,19,0,0.7028382028971953,12,-1645.514602769551,greedy,9000047,1.4904041648842394,720,720,720.0,720.0,1610319.2993284855,1645514.6027695595,185787.68843777254,True,online_controller,True,completed,,,720
720.0,0.9,720.0,131010.22127700872,101407.28082094183,11503.626695217417,29137.050508005894,18099.313760849414,14137.050508005896,15000.0,0.0,0.08780709308851625,0.7740409857527507,16501.918328366024,496092.3000000053,879750.0000000005,41576.985136586154,3434.0625000000036,2976.1875000000036,1668039.00275075,920290.1356173938,0.0,2588329.1383681437,-2344119.6707539856,16.448907704132814,25.524095680451598,1195.0000000000127,702.4999999999868,140.62500000000017,121.87500000000017,112499.99999999999,97500.0,354,22,21,0,0.7801899062640291,65,-2344.1196707539816,greedy,9000048,1.004115004092455,720,720,720.0,720.0,1423829.535136592,2344119.6707539856,244209.46761415785,True,online_controller,True,completed,,,720
720.0,0.9,720.0,124881.7699196395,102916.98012346955,2818.852119483664,25442.609954559626,19145.93767668628,4399.665763118332,18973.52924132854,2069.4149501127567,0.022572166628464462,0.824115322754441,9476.612804206,476995.8600000061,935846.9986671886,42195.961850622494,3653.0344800915527,3073.867500000004,1614971.6054207825,225508.1695586931,0.0,1840479.7749794757,-1687273.8920566018,15.691983999951226,17.88314982397901,1149.0000000000148,735.5330884483243,149.59191155166067,125.87500000000018,119673.52924132848,100700.0,310,25,14,0,0.7155021956360088,48,-1687.2738920565962,greedy,9000049,1.1398657551035285,720,720,720.0,720.0,1461765.7224979086,1687273.8920566018,153205.8829228738,True,online_controller,True,completed,,,720
720.0,0.9,720.0,132171.66508378548,107365.83675950028,7256.604464509676,27237.459285825265,17549.22385977555,14866.12932977132,10786.802562311801,1584.5273937421434,0.0549028754378604,0.8123211332129285,11588.661815906657,485713.8000000049,924220.7960372785,44019.99307139512,3607.652148214576,3278.385000000004,1751817.7002688341,580528.3571607744,0.0,2332346.0574296084,-2041368.9834176674,16.316341893678057,21.723353795063034,1170.0000000000118,708.0164967970978,147.73350320289012,134.2500000000002,118186.80256231183,107400.00000000001,276,25,26,0,0.6325710024792056,102,-2041.3689834176625,greedy,9000050,1.467560533899814,720,720,720.0,720.0,1460840.6262568932,2041368.9834176674,290977.074011941,True,online_controller,True,completed,,,720
720.0,0.9,720.0,128981.17360926494,114284.41581241634,1396.2509259194253,26858.44853392846,13300.506870929312,10969.26946285012,6739.17907107834,9150.0,0.01082523043362299,0.8860550157391892,1798.640435922105,547154.5200000071,988413.1763783398,46856.61048309065,3858.224067640521,3652.5106264958554,1821277.1599969582,111700.07407355397,0.0,1932977.2340705122,-1701635.115629128,15.936356213137216,16.913742965998566,1318.0000000000173,534.4351067102048,157.9944335643129,149.57045972546504,126395.54685145016,119656.36778037187,198,19,33,0,0.5411898618254213,15,-1701.6351156291207,greedy,9000051,1.6774545097723603,720,720,720.0,720.0,1589935.041555574,1701635.115629128,231342.11844138431,True,online_controller,True,completed,,,720
720.0,0.9,720.0,130292.35070980627,101775.7064201145,7573.8620977333,32349.198951539212,20942.7821919586,13716.55739483442,17603.417812412554,1029.2237442922374,0.05812975248717547,0.7811333962865903,15487.409218711153,455408.58000000555,912620.7272930671,41728.03963224693,3562.3718287238994,3025.027500000004,1641615.9968096162,605908.9678186643,0.0,2247524.9646282806,-2022253.714072708,16.129743084595034,22.08311829692287,1097.0000000000134,793.2457277344704,145.87927226551597,123.87500000000018,116703.41781241255,99100.00000000003,360,19,15,0,0.8546920916949204,156,-2022.253714072701,greedy,9000052,0.8387119029648602,720,720,720.0,720.0,1416344.7462540437,2022253.714072708,225271.25055557245,True,online_controller,True,completed,,,720
720.0,0.9,720.0,119353.23535741051,102249.04279358484,3460.7449739942754,23901.52480155495,13643.447589831536,11289.019661155908,8058.299865012679,4554.2052753863645,0.02899582037831538,0.8566926777258603,5168.86902808462,474089.8800000057,875513.9049443998,41922.10754536975,3417.527103379516,3171.547500000004,1619596.2002669105,276859.5979195419,0.0,1896455.7981864524,-1674974.565012697,15.839719923212082,18.547418600435417,1142.0000000000139,748.1771251687198,139.94787483126603,129.8750000000002,111958.29986501268,103900.0,287,23,22,0,0.536687112112769,41,-1674.9745650126904,greedy,9000053,1.5039415652863681,720,720,720.0,720.0,1398114.967093155,1674974.565012697,221481.23317375555,True,online_controller,True,completed,,,720
720.0,0.9,720.0,132093.20107071442,89317.49155332484,21960.645513193453,33998.191415089634,20815.064004196112,16791.972827275935,8056.218587813694,9150.0,0.166251141884563,0.6761702406281294,29566.389410318137,462881.1000000046,821100.0000000002,36620.17153686314,3205.1250000000014,2959.20892760699,1595755.457466625,1756851.6410554764,0.0,3352607.0985221015,-3083617.246519951,17.866102481325484,37.535840295296566,1115.0000000000111,792.5702732347557,131.25000000000009,121.17972676523304,105000.00000000003,96943.78141218633,333,17,36,0,0.5154264564596519,156,-3083.617246519945,greedy,9000054,1.4021019763313234,720,720,720.0,720.0,1326765.6054644748,3083617.246519951,268989.85200215015,True,online_controller,True,completed,,,720
720.0,0.9,720.0,124998.78160566899,100570.55815212545,8271.021886458835,27806.323465008256,16157.201567084754,13319.995610640293,10200.0,4286.327854367963,0.06616882004939258,0.8045723075077105,11928.34529297665,562929.8400000044,879750.0000000008,41233.92884237136,3434.0625000000045,3122.707500000005,1718000.4178705523,661681.750916707,0.0,2379682.1687872596,-2152152.2897590837,17.082538363482715,23.661817260551494,1356.0000000000107,535.4999999999889,140.62500000000023,127.87500000000023,112499.99999999999,102300.0,291,23,24,0,0.6512083426189577,148,-2152.1522897590767,greedy,9000055,1.2794460491277277,720,720,720.0,720.0,1490470.5388423766,2152152.2897590837,227529.87902817575,True,online_controller,True,completed,,,720
720.0,0.9,720.0,126854.31280836993,100265.38290205119,6166.939933556223,31994.446679403984,20421.989972762454,13754.870851705347,18239.575827698638,0.0,0.048614349776756854,0.790397903566079,13903.498625481749,592404.780000005,905083.4829726038,41108.806989840996,3532.950552140504,2976.187500000004,1778025.899132593,493355.19468449784,0.0,2271381.0938170906,-2038461.402699088,17.73319811554042,22.653691913150052,1427.0000000000123,466.4505302153641,144.67446978462345,121.8750000000002,115739.57582769862,97499.99999999999,310,20,26,0,0.650912987571246,103,-2038.4614026990812,greedy,9000056,1.2688334877602756,720,720,720.0,720.0,1545106.2080145902,2038461.402699088,232919.69111800278,True,online_controller,True,completed,,,720
720.0,0.9,720.0,122972.65226763315,100237.09981539742,9915.636471484773,23187.747575189736,12819.915980750953,9239.872780352454,13222.411543044262,725.463251793019,0.08063285851479195,0.8151170033906815,10438.28722547242,479486.70000000624,865849.2582666061,41097.21092431297,3379.801612351435,2976.187500000004,1587607.4482976524,793250.9177187805,0.0,2380858.3660164326,-2186040.076022057,15.83852137802754,23.752267078767865,1155.000000000015,744.7219855711791,138.4030144288057,121.8750000000002,110722.4115430443,97500.00000000003,365,15,30,0,0.8829181437160843,79,-2186.04007602205,greedy,9000057,0.6499815019778907,720,720,720.0,720.0,1392789.1583032766,2186040.076022057,194818.28999437566,True,online_controller,True,completed,,,720
720.0,0.9,720.0,126103.88537882672,101779.32948394625,6512.717756608974,24389.53325760064,17811.83813827163,6856.874607415692,14065.053004092764,3467.6056460921855,0.051645654985524196,0.8071070068792294,11714.167356997801,491940.90000000584,931088.7144920056,41729.52508841792,3634.460742949934,3205.1250000000045,1651891.201325882,521017.4205287178,0.0,2172908.6218546,-1992616.145852097,16.23012462060321,21.3492133704549,1185.000000000014,694.9186837448697,148.83131625511606,131.25000000000023,119065.05300409271,105000.0,334,19,25,0,0.7819803223767099,79,-1992.616145852091,greedy,9000058,1.0266805663704872,720,720,720.0,720.0,1471598.7253233793,1992616.145852097,180292.47600250278,True,online_controller,True,completed,,,720
720.0,0.9,720.0,125978.9416694392,99249.14674811273,7028.300603312616,29439.71825754575,19701.49431801391,14872.352198966744,14567.366058579006,0.0,0.05578948759352522,0.7878233094586256,14131.900754382543,467032.50000000355,876366.8025780882,40692.1501667262,3420.856348938123,2976.1875000000036,1650567.1612259864,562264.048265009,0.0,2212831.2094909954,-1952752.544858765,16.630542582043635,22.295720235328606,1125.0000000000086,773.0407924267674,140.08420757322375,121.87500000000017,112067.36605857911,97500.0,342,20,23,0,0.7811568578748688,71,-1952.7525448587635,greedy,9000059,1.098954875022173,720,720,720.0,720.0,1390488.4965937561,1952752.544858765,260078.66463223027,True,online_controller,True,completed,,,720
720.0,0.9,720.0,126857.6135473692,93721.73756620959,11435.288831900807,28365.1912205427,21700.587149258783,11597.891627694444,16767.299592848256,0.0,0.09014270812867546,0.7387947395937216,20450.1146264227,517679.5800000042,834920.2828160737,38425.91240214591,3259.071820071696,2747.2500000000036,1606853.051073438,914823.1065520641,0.0,2521676.157625502,-2311855.2035903595,17.14493449225991,26.905990254865554,1247.0000000000102,667.040875508929,133.45912449106046,112.50000000000017,106767.29959284821,90000.0,384,16,17,0,0.822463469440039,119,-2311.855203590353,greedy,9000060,0.7364270742982626,720,720,720.0,720.0,1397032.0970382954,2311855.2035903595,209820.95403514264,True,online_controller,True,completed,,,720
