seed,method,comparison_scope,greedy_total_cost,method_total_cost,method_minus_greedy_total_cost,cost_improvement_vs_greedy_percent,greedy_stored_t,method_stored_t,method_minus_greedy_stored_t,greedy_vented_t,method_vented_t,method_minus_greedy_vented_t
9000031,rolling_milp,valid online paired comparison,2293017.35099732,2047400.10499098,-245617.24600634002,10.711530198387369,114469.71188364139,117762.28605284878,3292.5741692073934,6240.861480952415,2474.100065360168,-3766.761415592247
9000032,rolling_milp,valid online paired comparison,1766211.2553052178,2119138.625970045,352927.3706648273,-19.982171985640424,100608.4832397591,92181.08126023502,-8427.401979524075,1844.963500955279,6193.493365992055,4348.529865036777
9000033,rolling_milp,valid online paired comparison,2107598.694435474,2563985.1772702606,456386.48283478664,-21.65433505153271,105135.0145055005,99724.82966443239,-5410.184841068112,4789.393867697877,10661.737317657966,5872.343449960089
9000034,rolling_milp,valid online paired comparison,1935952.9860899067,1935952.9860899067,0.0,0.0,104726.69614121088,104726.69614121088,0.0,3275.0584930897367,3275.0584930897367,0.0
9000035,rolling_milp,valid online paired comparison,1885009.4324528396,2030261.0445873856,145251.61213454604,-7.705617257603832,109085.56940329901,103642.9856378551,-5442.583765443909,3536.5342797446087,6117.872482783793,2581.3382030391845
9000036,rolling_milp,valid online paired comparison,3533761.529562704,1923094.823839663,-1610666.7057230407,45.57938310914709,81137.24365784733,107045.11106490095,25907.86740705362,25697.976964565867,2530.523170795708,-23167.45379377016
9000037,rolling_milp,valid online paired comparison,2000485.9131946776,1821431.6603343585,-179054.2528603191,8.950538050746793,113556.80536003655,107309.20659118767,-6247.598768848882,4271.358815318033,1345.997157401336,-2925.3616579166965
9000038,rolling_milp,valid online paired comparison,1920295.9707264367,1810656.9559609732,-109639.01476546354,5.709485227112555,115107.19434814701,121306.34721122055,6199.152863073541,2408.9084384230837,0.0,-2408.9084384230837
9000039,rolling_milp,valid online paired comparison,2437563.728051424,2437563.728051424,0.0,0.0,89834.86331241042,89834.39317069865,-0.47014171177579556,9394.08788331157,9394.087883311568,-1.8189894035458565e-12
9000040,rolling_milp,valid online paired comparison,2617199.479188901,2617199.479188901,0.0,0.0,97763.03502118237,97763.03502118237,0.0,13665.115766254208,13665.115766254208,0.0
9000041,rolling_milp,valid online paired comparison,2085510.1991784673,2050671.2118801554,-34838.9872983119,1.6705258651832926,105778.5088564841,105778.50885648398,-1.1641532182693481e-10,4000.7591781787564,3457.02806376707,-543.7311144116866
9000042,rolling_milp,valid online paired comparison,2713194.122553258,1704683.0519553637,-1008511.0705978945,37.17061975826605,84584.10356355288,106649.33750088152,22065.233937328638,15319.326463527254,265.4174242618467,-15053.909039265407
9000043,rolling_milp,valid online paired comparison,2311477.9959102147,1848406.8849600037,-463071.11095021106,20.03355047158313,96818.52510115394,103748.14565166723,6929.620550513297,8100.662419000601,1006.1991623448037,-7094.4632566557975
9000044,rolling_milp,valid online paired comparison,1749991.6922290896,1749991.6922290896,0.0,0.0,115731.28342453578,115731.28342453578,0.0,0.0,0.0,0.0
9000045,rolling_milp,valid online paired comparison,2356429.90438643,2356014.76438643,-415.1400000001304,0.017617328621885107,99542.0035538456,99542.0035538456,0.0,8535.053965914734,8535.053965914734,0.0
9000046,rolling_milp,valid online paired comparison,1951286.679850844,1951286.679850844,0.0,0.0,124463.61990029803,124463.61990029803,0.0,2082.7015861596574,2082.7015861596574,0.0
9000047,rolling_milp,valid online paired comparison,1831302.291207332,1849746.8683753524,18444.57716802042,-1.0071836450256593,116042.59673840055,112549.07896065348,-3493.517777747067,439.94129301342485,1264.5008098593592,824.5595168459342
9000048,rolling_milp,valid online paired comparison,2588329.1383681437,2238322.68021427,-350006.4581538737,13.522486493914032,101407.28082094183,108907.28082094193,7500.000000000102,11503.626695217417,5580.633008177403,-5922.993687040014
9000049,rolling_milp,valid online paired comparison,1840479.7749794757,1874198.1505790306,33718.37559955497,-1.8320427128807208,102916.98012346955,100904.12579251276,-2012.8543309567904,2818.852119483664,2918.5525836490274,99.70046416536343
9000050,rolling_milp,valid online paired comparison,2332346.0574296084,2309098.2174299285,-23247.83999967994,0.9967577463740744,107365.83675950028,109876.14724879694,2510.3104892966658,7256.604464509676,7256.604464509676,0.0
9000051,rolling_milp,valid online paired comparison,1932977.2340705122,2062598.9039833313,129621.66991281905,-6.705804270641019,114284.41581241634,115666.92296239448,1382.507149978148,1396.2509259194253,3018.6033646635506,1622.3524387441253
9000052,rolling_milp,valid online paired comparison,2247524.9646282806,1773739.6461533632,-473785.31847491744,21.080313942287045,101775.7064201145,116490.31829226062,14714.611872146124,7573.8620977333,0.0,-7573.8620977333
9000053,rolling_milp,valid online paired comparison,1896455.7981864524,1901437.4781864525,4981.680000000168,-0.26268368631444305,102249.04279358484,102249.04279358484,0.0,3460.7449739942754,3460.7449739942763,9.094947017729282e-13
9000054,rolling_milp,valid online paired comparison,3352607.0985221015,2743967.0885134107,-608640.0100086909,18.15423018930527,89317.49155332484,96219.07106492396,6901.57951159912,21960.645513193453,11377.298664477883,-10583.34684871557
9000055,rolling_milp,valid online paired comparison,2379682.1687872596,2023126.2839932581,-356555.88479400147,14.983340610385397,100570.55815212545,102154.80222506462,1584.2440729391674,8271.021886458835,2939.824528323365,-5331.1973581354705
9000056,rolling_milp,valid online paired comparison,2271381.0938170906,1928589.6410331812,-342791.4527839094,15.091763056275294,100265.38290205119,104785.77509508055,4520.392193029358,6166.939933556223,1004.5342257430949,-5162.405707813128
9000057,rolling_milp,valid online paired comparison,2380858.3660164326,2600976.848755597,220118.4827391645,-9.245341339117912,100237.09981539742,94889.50370646002,-5347.596108937403,9915.636471484773,13025.770739791622,3110.1342683068488
9000058,rolling_milp,valid online paired comparison,2172908.6218546,2359117.3438523225,186208.72199772252,-8.569560639820715,101779.32948394625,99079.94210187419,-2699.387382072062,6512.717756608974,9178.917749732405,2666.1999931234313
9000059,rolling_milp,valid online paired comparison,2212831.2094909954,1834132.930825844,-378698.27866515145,17.11374446640515,99249.14674811273,115085.79645024004,15836.64970212731,7028.300603312616,1012.0214824219643,-6016.279120890651
9000060,rolling_milp,valid online paired comparison,2521676.157625502,2225062.8827922978,-296613.2748332042,11.76254428770527,93721.73756620959,101221.73756620967,7500.000000000087,11435.288831900807,6853.168262166312,-4582.120569734495
