contrast,left,right,deterministic,metric,mean_difference,ci95_lower,ci95_upper
future_effect_small,small_fixed,small_original,True,vented_t,926.3395326574449,-429.8750111098399,2282.55407642473
future_effect_large,large_fixed,large_original,True,vented_t,757.2242311502853,-1895.9616786157428,3410.410140916313
future_effect_edge,edge_fixed,edge_original,True,vented_t,-2170.2506491827,-9348.02387920986,5007.522580844461
capacity_effect_original,large_original,small_original,True,vented_t,2329.4859128295498,377.9511367529176,4281.020688906182
capacity_effect_fixed,large_fixed,small_fixed,True,vented_t,2160.37061132239,194.65226313409607,4126.088959510684
graph_effect_original,edge_original,large_original,True,vented_t,3789.639912401276,-2508.586675970383,10087.866500772936
graph_effect_fixed,edge_fixed,large_fixed,True,vented_t,862.1650320682905,-2842.094448783593,4566.4245129201745
graph_by_future_interaction,(edge_fixed-edge_original),(large_fixed-large_original),True,vented_t,-2927.4748803329853,-11446.435405899814,5591.485645233843
future_effect_small,small_fixed,small_original,True,stored_t,-1657.006790514078,-3862.189060124011,548.1754790958555
future_effect_large,large_fixed,large_original,True,stored_t,-1178.4757331233209,-4907.813936553295,2550.862470306653
future_effect_edge,edge_fixed,edge_original,True,stored_t,3091.5465527684455,-4882.90171174293,11065.994817279821
capacity_effect_original,large_original,small_original,True,stored_t,-3921.3966440426943,-6472.60258004499,-1370.1907080403985
capacity_effect_fixed,large_fixed,small_fixed,True,stored_t,-3442.8655866519375,-6581.14284983579,-304.58832346808504
graph_effect_original,edge_original,large_original,True,stored_t,-6630.0199513059,-14556.774626229078,1296.7347236172782
graph_effect_fixed,edge_fixed,large_fixed,True,stored_t,-2359.997665414133,-7214.930474565794,2494.935143737528
graph_by_future_interaction,(edge_fixed-edge_original),(large_fixed-large_original),True,stored_t,4270.022285891767,-5421.127532400183,13961.172104183715
future_effect_small,small_fixed,small_original,True,operating_cost,134.13656185725705,-26623.366461982787,26891.6395856973
future_effect_large,large_fixed,large_original,True,operating_cost,-3562.9717938331423,-60166.19638184457,53040.25279417828
future_effect_edge,edge_fixed,edge_original,True,operating_cost,27823.747222248185,-23157.08648808672,78804.58093258309
capacity_effect_original,large_original,small_original,True,operating_cost,-17633.80687697744,-54017.84913640592,18750.235382451043
capacity_effect_fixed,large_fixed,small_fixed,True,operating_cost,-21330.915232667838,-42107.4935241739,-554.336941161775
graph_effect_original,edge_original,large_original,True,operating_cost,-27572.644881960285,-89140.03178248991,33994.74201856935
graph_effect_fixed,edge_fixed,large_fixed,True,operating_cost,3814.0741341210437,-45093.883702198626,52722.031970440716
graph_by_future_interaction,(edge_fixed-edge_original),(large_fixed-large_original),True,operating_cost,31386.719016081326,-42485.73224279985,105259.1702749625
future_effect_small,small_fixed,small_original,True,total_cost,74241.29917445286,-14423.190583239426,162905.78893214514
future_effect_large,large_fixed,large_original,True,total_cost,57014.96669818964,-105107.81907484474,219137.75247122403
future_effect_edge,edge_fixed,edge_original,True,total_cost,-145796.30471236756,-673113.5472585511,381520.93783381593
capacity_effect_original,large_original,small_original,True,total_cost,168725.06614938643,39644.88337865833,297805.24892011454
capacity_effect_fixed,large_fixed,small_fixed,True,total_cost,151498.73367312324,10400.63059923891,292596.83674700756
graph_effect_original,edge_original,large_original,True,total_cost,275598.54811014177,-172821.37693458755,724018.473154871
graph_effect_fixed,edge_fixed,large_fixed,True,total_cost,72787.27669958459,-185398.76358537434,330973.3169845435
graph_by_future_interaction,(edge_fixed-edge_original),(large_fixed-large_original),True,total_cost,-202811.2714105572,-824449.067826852,418826.52500573755
future_effect_small,small_fixed,small_original,True,cost_per_stored_t,0.2386852077385111,-0.05713684637914562,0.5345072618561678
future_effect_large,large_fixed,large_original,True,cost_per_stored_t,0.14260968088372222,-0.057157067782152376,0.3423764295495968
future_effect_edge,edge_fixed,edge_original,True,cost_per_stored_t,-0.2560753435778039,-1.1324269199600816,0.6202762328044736
capacity_effect_original,large_original,small_original,True,cost_per_stored_t,0.40692501671847586,0.1447305076620896,0.6691195257748621
capacity_effect_fixed,large_fixed,small_fixed,True,cost_per_stored_t,0.310849489863687,-0.017551943517176982,0.6392509232445509
graph_effect_original,edge_original,large_original,True,cost_per_stored_t,0.823796014243209,0.02655806856271059,1.6210339599237074
graph_effect_fixed,edge_fixed,large_fixed,True,cost_per_stored_t,0.4251109897816828,0.02963605671924896,0.8205859228441167
graph_by_future_interaction,(edge_fixed-edge_original),(large_fixed-large_original),True,cost_per_stored_t,-0.3986850244615262,-1.4546742537994648,0.6573042048764123
future_effect_small,small_fixed,small_original,True,total_cost_per_stored_t,1.0456658500449492,-0.2851750375519373,2.3765067376418356
future_effect_large,large_fixed,large_original,True,total_cost_per_stored_t,0.7816669895747843,-1.7093141614113203,3.272648140560889
future_effect_edge,edge_fixed,edge_original,True,total_cost_per_stored_t,-2.5561792890835404,-10.447472819706263,5.335114241539183
capacity_effect_original,large_original,small_original,True,total_cost_per_stored_t,2.406452405690563,0.5943105957443735,4.218594215636752
capacity_effect_fixed,large_fixed,small_fixed,True,total_cost_per_stored_t,2.1424535452203983,-0.1104235558381439,4.395330646278941
graph_effect_original,edge_original,large_original,True,total_cost_per_stored_t,4.623415203501748,-2.441489318977511,11.688319725981007
graph_effect_fixed,edge_fixed,large_fixed,True,total_cost_per_stored_t,1.2855689248434232,-2.5530281710083016,5.124166020695148
graph_by_future_interaction,(edge_fixed-edge_original),(large_fixed-large_original),True,total_cost_per_stored_t,-3.3378462786583247,-12.513774214269372,5.838081656952721
future_effect_small,small_fixed,small_original,False,vented_t,-3980.8240560099725,-7341.14059565043,-620.5075163695146
future_effect_large,large_fixed,large_original,False,vented_t,949.5865843404615,-895.8434425690659,2795.016611249989
future_effect_edge,edge_fixed,edge_original,False,vented_t,1637.2474859458227,-4720.551299963245,7995.04627185489
capacity_effect_original,large_original,small_original,False,vented_t,-4730.984665995069,-8064.085347330783,-1397.8839846593546
capacity_effect_fixed,large_fixed,small_fixed,False,vented_t,199.42597435536481,-3665.533372641504,4064.3853213522334
graph_effect_original,edge_original,large_original,False,vented_t,11096.164702380302,4861.959771991852,17330.36963276875
graph_effect_fixed,edge_fixed,large_fixed,False,vented_t,11783.825603985662,4643.576548443652,18924.074659527672
graph_by_future_interaction,(edge_fixed-edge_original),(large_fixed-large_original),False,vented_t,687.6609016053613,-6456.530537223098,7831.852340433821
future_effect_small,small_fixed,small_original,False,stored_t,5017.338584864914,107.17635518313,9927.500814546698
future_effect_large,large_fixed,large_original,False,stored_t,-1162.2712219094828,-4179.953882950026,1855.4114391310604
future_effect_edge,edge_fixed,edge_original,False,stored_t,-2081.9943898348633,-10147.434686405846,5983.445906736119
capacity_effect_original,large_original,small_original,False,stored_t,6054.41172424088,1296.7044147808247,10812.119033700936
capacity_effect_fixed,large_fixed,small_fixed,False,stored_t,-125.19808253351657,-6430.226875496543,6179.830710429509
graph_effect_original,edge_original,large_original,False,stored_t,-14639.401319163884,-21975.060646985607,-7303.74199134216
graph_effect_fixed,edge_fixed,large_fixed,False,stored_t,-15559.124487089264,-23400.157296659534,-7718.091677518993
graph_by_future_interaction,(edge_fixed-edge_original),(large_fixed-large_original),False,stored_t,-919.7231679253804,-10057.301296808693,8217.854960957933
future_effect_small,small_fixed,small_original,False,operating_cost,19469.12524750163,-1338.2809602930538,40276.53145529631
future_effect_large,large_fixed,large_original,False,operating_cost,-5272.869912078325,-39997.352404936486,29451.612580779834
future_effect_edge,edge_fixed,edge_original,False,operating_cost,-10507.584104947793,-51609.532196943255,30594.363987047665
capacity_effect_original,large_original,small_original,False,operating_cost,17000.2498098047,-10246.216391047583,44246.71601065698
capacity_effect_fixed,large_fixed,small_fixed,False,operating_cost,-7741.745349775255,-42917.577013405426,27434.086313854914
graph_effect_original,edge_original,large_original,False,operating_cost,-60940.2146476794,-117023.34220005755,-4857.087095301242
graph_effect_fixed,edge_fixed,large_fixed,False,operating_cost,-66174.92884054888,-110485.98207921779,-21863.87560187996
graph_by_future_interaction,(edge_fixed-edge_original),(large_fixed-large_original),False,operating_cost,-5234.714192869467,-51600.67562829064,41131.247242551704
future_effect_small,small_fixed,small_original,False,total_cost,-298996.7992332963,-553322.5510283295,-44671.04743826305
future_effect_large,large_fixed,large_original,False,total_cost,70694.05683515873,-50689.58233243735,192077.6960027548
future_effect_edge,edge_fixed,edge_original,False,total_cost,120472.21477071792,-347241.21338361455,588185.6429250505
capacity_effect_original,large_original,small_original,False,total_cost,-361478.52346980094,-605826.9947876021,-117130.05215199979
capacity_effect_fixed,large_fixed,small_fixed,False,total_cost,8212.33259865404,-267944.11836037703,284368.7835576851
graph_effect_original,edge_original,large_original,False,total_cost,826752.9615427447,380928.4350395034,1272577.4880459858
graph_effect_fixed,edge_fixed,large_fixed,False,total_cost,876531.1194783038,346175.50995551515,1406886.7290010925
graph_by_future_interaction,(edge_fixed-edge_original),(large_fixed-large_original),False,total_cost,49778.15793555919,-483133.52924304444,582689.8451141628
future_effect_small,small_fixed,small_original,False,cost_per_stored_t,-0.6458643946042081,-1.3607732687404424,0.06904447953202619
future_effect_large,large_fixed,large_original,False,cost_per_stored_t,0.13313588669662196,-0.19088090411580944,0.45715267750905336
future_effect_edge,edge_fixed,edge_original,False,cost_per_stored_t,0.3391360406168708,-1.030714612599287,1.7089866938330287
capacity_effect_original,large_original,small_original,False,cost_per_stored_t,-0.8752515151458702,-1.506786689728313,-0.24371634056342728
capacity_effect_fixed,large_fixed,small_fixed,False,cost_per_stored_t,-0.09625123384504022,-0.8298071999477619,0.6373047322576815
graph_effect_original,edge_original,large_original,False,cost_per_stored_t,2.09974681743583,1.086955032859076,3.1125386020125836
graph_effect_fixed,edge_fixed,large_fixed,False,cost_per_stored_t,2.3057469713560783,1.0826572690517204,3.528836673660436
graph_by_future_interaction,(edge_fixed-edge_original),(large_fixed-large_original),False,cost_per_stored_t,0.20600015392024887,-1.3527887239003102,1.7647890317408081
future_effect_small,small_fixed,small_original,False,total_cost_per_stored_t,-4.491193217121405,-8.55307884212369,-0.4293075921191214
future_effect_large,large_fixed,large_original,False,total_cost_per_stored_t,0.839425395057215,-0.9648073236645327,2.6436581137789625
future_effect_edge,edge_fixed,edge_original,False,total_cost_per_stored_t,2.531104796580363,-7.584636922743199,12.646846515903926
capacity_effect_original,large_original,small_original,False,total_cost_per_stored_t,-5.426365132338426,-9.363662755797948,-1.4890675088789043
capacity_effect_fixed,large_fixed,small_fixed,False,total_cost_per_stored_t,-0.09574652015980548,-4.53671238086106,4.345219340541449
graph_effect_original,edge_original,large_original,False,total_cost_per_stored_t,14.250290305131292,5.157515820786831,23.343064789475754
graph_effect_fixed,edge_fixed,large_fixed,False,total_cost_per_stored_t,15.94196970665444,5.977803839808482,25.9061355735004
graph_by_future_interaction,(edge_fixed-edge_original),(large_fixed-large_original),False,total_cost_per_stored_t,1.6916794015231482,-9.399523659748441,12.782882462794737
